2026-09-23 15:02;7460.0;7706.03;SPXW  260923C07460000;236.1;256.6
2026-09-23 15:02;7465.0;7706.03;SPXW  260923C07465000;231.8;252.3
2026-09-23 15:02;7470.0;7706.03;SPXW  260923C07470000;226.8;247.3
2026-09-23 15:02;7475.0;7706.03;SPXW  260923C07475000;221.3;241.8
2026-09-23 15:02;7480.0;7706.03;SPXW  260923C07480000;216.8;237.3
2026-09-23 15:02;7485.0;7706.03;SPXW  260923C07485000;211.3;231.8
2026-09-23 15:02;7490.0;7706.03;SPXW  260923C07490000;210.2;223.9
2026-09-23 15:02;7495.0;7706.03;SPXW  260923C07495000;205.2;218.9
2026-09-23 15:02;7500.0;7706.03;SPXW  260923C07500000;200.2;213.9
2026-09-23 15:02;7505.0;7706.03;SPXW  260923C07505000;195.2;208.9
2026-09-23 15:02;7510.0;7706.03;SPXW  260923C07510000;190.2;203.9
2026-09-23 15:02;7515.0;7706.03;SPXW  260923C07515000;188.8;191.7
2026-09-23 15:02;7520.0;7706.03;SPXW  260923C07520000;184.7;186.7
2026-09-23 15:02;7525.0;7706.03;SPXW  260923C07525000;179.7;186.2
2026-09-23 15:02;7530.0;7706.03;SPXW  260923C07530000;174.7;176.7
2026-09-23 15:02;7535.0;7706.03;SPXW  260923C07535000;169.7;171.7
2026-09-23 15:02;7540.0;7706.03;SPXW  260923C07540000;164.7;171.5
2026-09-23 15:02;7545.0;7706.03;SPXW  260923C07545000;159.7;161.7
2026-09-23 15:02;7550.0;7706.03;SPXW  260923C07550000;154.7;156.7
2026-09-23 15:02;7555.0;7706.03;SPXW  260923C07555000;149.7;151.7
2026-09-23 15:02;7560.0;7706.03;SPXW  260923C07560000;144.7;146.7
2026-09-23 15:02;7565.0;7706.03;SPXW  260923C07565000;139.7;147.0
2026-09-23 15:02;7570.0;7706.03;SPXW  260923C07570000;134.7;136.7
2026-09-23 15:02;7575.0;7706.03;SPXW  260923C07575000;129.7;131.7
2026-09-23 15:02;7580.0;7706.03;SPXW  260923C07580000;123.8;126.7
2026-09-23 15:02;7585.0;7706.03;SPXW  260923C07585000;118.8;121.6
2026-09-23 15:02;7590.0;7706.03;SPXW  260923C07590000;114.7;122.2
2026-09-23 15:02;7595.0;7706.03;SPXW  260923C07595000;109.7;111.7
2026-09-23 15:02;7600.0;7706.03;SPXW  260923C07600000;104.7;106.7
2026-09-23 15:02;7605.0;7706.03;SPXW  260923C07605000;98.8;101.7
2026-09-23 15:02;7610.0;7706.03;SPXW  260923C07610000;94.7;96.7
2026-09-23 15:02;7615.0;7706.03;SPXW  260923C07615000;89.7;91.7
2026-09-23 15:02;7620.0;7706.03;SPXW  260923C07620000;84.7;86.7
2026-09-23 15:02;7625.0;7706.03;SPXW  260923C07625000;79.7;81.7
2026-09-23 15:02;7630.0;7706.03;SPXW  260923C07630000;74.7;76.7
2026-09-23 15:02;7635.0;7706.03;SPXW  260923C07635000;69.7;77.1
2026-09-23 15:02;7640.0;7706.03;SPXW  260923C07640000;64.7;66.7
2026-09-23 15:02;7645.0;7706.03;SPXW  260923C07645000;58.8;61.7
2026-09-23 15:02;7650.0;7706.03;SPXW  260923C07650000;54.7;56.7
2026-09-23 15:02;7655.0;7706.03;SPXW  260923C07655000;49.7;51.7
2026-09-23 15:02;7660.0;7706.03;SPXW  260923C07660000;44.7;46.7
2026-09-23 15:02;7665.0;7706.03;SPXW  260923C07665000;39.7;41.7
2026-09-23 15:02;7670.0;7706.03;SPXW  260923C07670000;34.7;36.7
2026-09-23 15:02;7675.0;7706.03;SPXW  260923C07675000;29.7;31.7
2026-09-23 15:02;7680.0;7706.03;SPXW  260923C07680000;24.7;26.6
2026-09-23 15:02;7685.0;7706.03;SPXW  260923C07685000;19.7;21.6
2026-09-23 15:02;7690.0;7706.03;SPXW  260923C07690000;14.7;16.7
2026-09-23 15:02;7695.0;7706.03;SPXW  260923C07695000;9.7;11.7
2026-09-23 15:02;7700.0;7706.03;SPXW  260923C07700000;4.7;5.7
2026-09-23 15:02;7705.0;7706.03;SPXW  260923C07705000;0.65;1.0
2026-09-23 15:02;7710.0;7706.03;SPXW  260923C07710000;0.0;0.05
2026-09-23 15:02;7715.0;7706.03;SPXW  260923C07715000;0.0;0.05
2026-09-23 15:02;7720.0;7706.03;SPXW  260923C07720000;0.0;0.05
2026-09-23 15:02;7725.0;7706.03;SPXW  260923C07725000;0.0;0.05
2026-09-23 15:02;7730.0;7706.03;SPXW  260923C07730000;0.0;0.05
2026-09-23 15:02;7735.0;7706.03;SPXW  260923C07735000;0.0;0.05
2026-09-23 15:02;7740.0;7706.03;SPXW  260923C07740000;0.0;0.05
2026-09-23 15:02;7745.0;7706.03;SPXW  260923C07745000;0.0;0.05
2026-09-23 15:02;7750.0;7706.03;SPXW  260923C07750000;0.0;0.05
2026-09-23 15:02;7755.0;7706.03;SPXW  260923C07755000;0.0;0.05
2026-09-23 15:02;7760.0;7706.03;SPXW  260923C07760000;0.0;0.05
2026-09-23 15:02;7765.0;7706.03;SPXW  260923C07765000;0.0;0.05
2026-09-23 15:02;7770.0;7706.03;SPXW  260923C07770000;0.0;0.05
2026-09-23 15:02;7775.0;7706.03;SPXW  260923C07775000;0.0;0.05
2026-09-23 15:02;7780.0;7706.03;SPXW  260923C07780000;0.0;0.05
2026-09-23 15:02;7785.0;7706.03;SPXW  260923C07785000;0.0;0.05
2026-09-23 15:02;7790.0;7706.03;SPXW  260923C07790000;0.0;0.05
2026-09-23 15:02;7795.0;7706.03;SPXW  260923C07795000;0.0;0.05
2026-09-23 15:02;7800.0;7706.03;SPXW  260923C07800000;0.0;0.05
2026-09-23 15:02;7805.0;7706.03;SPXW  260923C07805000;0.0;0.05
2026-09-23 15:02;7810.0;7706.03;SPXW  260923C07810000;0.0;0.05
2026-09-23 15:02;7815.0;7706.03;SPXW  260923C07815000;0.0;0.05
2026-09-23 15:02;7820.0;7706.03;SPXW  260923C07820000;0.0;0.05
2026-09-23 15:02;7825.0;7706.03;SPXW  260923C07825000;0.0;0.05
2026-09-23 15:02;7830.0;7706.03;SPXW  260923C07830000;0.0;0.05
2026-09-23 15:02;7835.0;7706.03;SPXW  260923C07835000;0.0;0.05
2026-09-23 15:02;7840.0;7706.03;SPXW  260923C07840000;0.0;0.05
2026-09-23 15:02;7845.0;7706.03;SPXW  260923C07845000;0.0;0.05
2026-09-23 15:02;7850.0;7706.03;SPXW  260923C07850000;0.0;0.05
2026-09-23 15:02;7855.0;7706.03;SPXW  260923C07855000;0.0;0.05
2026-09-23 15:02;7860.0;7706.03;SPXW  260923C07860000;0.0;0.05
2026-09-23 15:02;7865.0;7706.03;SPXW  260923C07865000;0.0;0.05
2026-09-23 15:02;7870.0;7706.03;SPXW  260923C07870000;0.0;0.05
2026-09-23 15:02;7875.0;7706.03;SPXW  260923C07875000;0.0;0.05
2026-09-23 15:02;7880.0;7706.03;SPXW  260923C07880000;0.0;0.05
2026-09-23 15:02;7885.0;7706.03;SPXW  260923C07885000;0.0;0.05
2026-09-23 15:02;7890.0;7706.03;SPXW  260923C07890000;0.0;0.05
2026-09-23 15:02;7895.0;7706.03;SPXW  260923C07895000;0.0;0.05
2026-09-23 15:02;7900.0;7706.03;SPXW  260923C07900000;0.0;0.05
2026-09-23 15:02;7905.0;7706.03;SPXW  260923C07905000;0.0;0.05
2026-09-23 15:02;7910.0;7706.03;SPXW  260923C07910000;0.0;0.05
2026-09-23 15:02;7915.0;7706.03;SPXW  260923C07915000;0.0;0.05
2026-09-23 15:02;7920.0;7706.03;SPXW  260923C07920000;0.0;0.05
2026-09-23 15:02;7925.0;7706.03;SPXW  260923C07925000;0.0;0.05
2026-09-23 15:02;7930.0;7706.03;SPXW  260923C07930000;0.0;0.05
2026-09-23 15:02;7935.0;7706.03;SPXW  260923C07935000;0.0;0.05
2026-09-23 15:02;7940.0;7706.03;SPXW  260923C07940000;0.0;0.05
2026-09-23 15:02;7945.0;7706.03;SPXW  260923C07945000;0.0;0.05
2026-09-23 15:02;7950.0;7706.03;SPXW  260923C07950000;0.0;0.05
2026-09-23 15:02;7955.0;7706.03;SPXW  260923C07955000;0.0;0.05
2026-09-23 15:02;7460.0;7706.03;SPXW  260923P07460000;0.0;0.05
2026-09-23 15:02;7465.0;7706.03;SPXW  260923P07465000;0.0;0.05
2026-09-23 15:02;7470.0;7706.03;SPXW  260923P07470000;0.0;0.05
2026-09-23 15:02;7475.0;7706.03;SPXW  260923P07475000;0.0;0.05
2026-09-23 15:02;7480.0;7706.03;SPXW  260923P07480000;0.0;0.05
2026-09-23 15:02;7485.0;7706.03;SPXW  260923P07485000;0.0;0.05
2026-09-23 15:02;7490.0;7706.03;SPXW  260923P07490000;0.0;0.05
2026-09-23 15:02;7495.0;7706.03;SPXW  260923P07495000;0.0;0.05
2026-09-23 15:02;7500.0;7706.03;SPXW  260923P07500000;0.0;0.05
2026-09-23 15:02;7505.0;7706.03;SPXW  260923P07505000;0.0;0.05
2026-09-23 15:02;7510.0;7706.03;SPXW  260923P07510000;0.0;0.05
2026-09-23 15:02;7515.0;7706.03;SPXW  260923P07515000;0.0;0.05
2026-09-23 15:02;7520.0;7706.03;SPXW  260923P07520000;0.0;0.05
2026-09-23 15:02;7525.0;7706.03;SPXW  260923P07525000;0.0;0.05
2026-09-23 15:02;7530.0;7706.03;SPXW  260923P07530000;0.0;0.05
2026-09-23 15:02;7535.0;7706.03;SPXW  260923P07535000;0.0;0.05
2026-09-23 15:02;7540.0;7706.03;SPXW  260923P07540000;0.0;0.05
2026-09-23 15:02;7545.0;7706.03;SPXW  260923P07545000;0.0;0.05
2026-09-23 15:02;7550.0;7706.03;SPXW  260923P07550000;0.0;0.05
2026-09-23 15:02;7555.0;7706.03;SPXW  260923P07555000;0.0;0.05
2026-09-23 15:02;7560.0;7706.03;SPXW  260923P07560000;0.0;0.05
2026-09-23 15:02;7565.0;7706.03;SPXW  260923P07565000;0.0;0.05
2026-09-23 15:02;7570.0;7706.03;SPXW  260923P07570000;0.0;0.05
2026-09-23 15:02;7575.0;7706.03;SPXW  260923P07575000;0.0;0.05
2026-09-23 15:02;7580.0;7706.03;SPXW  260923P07580000;0.0;0.05
2026-09-23 15:02;7585.0;7706.03;SPXW  260923P07585000;0.0;0.05
2026-09-23 15:02;7590.0;7706.03;SPXW  260923P07590000;0.0;0.05
2026-09-23 19:26;7460.0;7706.03;SPXW  260923C07460000;236.1;256.6
2026-09-23 19:26;7465.0;7706.03;SPXW  260923C07465000;231.8;252.3
2026-09-23 19:26;7470.0;7706.03;SPXW  260923C07470000;226.8;247.3
2026-09-23 19:26;7475.0;7706.03;SPXW  260923C07475000;221.3;241.8
2026-09-23 19:26;7480.0;7706.03;SPXW  260923C07480000;216.8;237.3
2026-09-23 19:26;7485.0;7706.03;SPXW  260923C07485000;211.3;231.8
2026-09-23 19:26;7490.0;7706.03;SPXW  260923C07490000;210.2;223.9
2026-09-23 19:26;7495.0;7706.03;SPXW  260923C07495000;205.2;218.9
2026-09-23 19:26;7500.0;7706.03;SPXW  260923C07500000;200.2;213.9
2026-09-23 19:26;7505.0;7706.03;SPXW  260923C07505000;195.2;208.9
2026-09-23 19:26;7510.0;7706.03;SPXW  260923C07510000;190.2;203.9
2026-09-23 19:26;7515.0;7706.03;SPXW  260923C07515000;188.8;191.7
2026-09-23 19:26;7520.0;7706.03;SPXW  260923C07520000;184.7;186.7
2026-09-23 19:26;7525.0;7706.03;SPXW  260923C07525000;179.7;186.2
2026-09-23 19:26;7530.0;7706.03;SPXW  260923C07530000;174.7;176.7
2026-09-23 19:26;7535.0;7706.03;SPXW  260923C07535000;169.7;171.7
2026-09-23 19:26;7540.0;7706.03;SPXW  260923C07540000;164.7;171.5
2026-09-23 19:26;7545.0;7706.03;SPXW  260923C07545000;159.7;161.7
2026-09-23 19:26;7550.0;7706.03;SPXW  260923C07550000;154.7;156.7
2026-09-23 19:26;7555.0;7706.03;SPXW  260923C07555000;149.7;151.7
2026-09-23 19:26;7560.0;7706.03;SPXW  260923C07560000;144.7;146.7
2026-09-23 19:26;7565.0;7706.03;SPXW  260923C07565000;139.7;147.0
2026-09-23 19:26;7570.0;7706.03;SPXW  260923C07570000;134.7;136.7
2026-09-23 19:26;7575.0;7706.03;SPXW  260923C07575000;129.7;131.7
2026-09-23 19:26;7580.0;7706.03;SPXW  260923C07580000;123.8;126.7
2026-09-23 19:26;7585.0;7706.03;SPXW  260923C07585000;118.8;121.6
2026-09-23 19:26;7590.0;7706.03;SPXW  260923C07590000;114.7;122.2
2026-09-23 19:26;7595.0;7706.03;SPXW  260923C07595000;109.7;111.7
2026-09-23 19:26;7600.0;7706.03;SPXW  260923C07600000;104.7;106.7
2026-09-23 19:26;7605.0;7706.03;SPXW  260923C07605000;98.8;101.7
2026-09-23 19:26;7610.0;7706.03;SPXW  260923C07610000;94.7;96.7
2026-09-23 19:26;7615.0;7706.03;SPXW  260923C07615000;89.7;91.7
2026-09-23 19:26;7620.0;7706.03;SPXW  260923C07620000;84.7;86.7
2026-09-23 19:26;7625.0;7706.03;SPXW  260923C07625000;79.7;81.7
2026-09-23 19:26;7630.0;7706.03;SPXW  260923C07630000;74.7;76.7
2026-09-23 19:26;7635.0;7706.03;SPXW  260923C07635000;69.7;77.1
2026-09-23 19:26;7640.0;7706.03;SPXW  260923C07640000;64.7;66.7
2026-09-23 19:26;7645.0;7706.03;SPXW  260923C07645000;58.8;61.7
2026-09-23 19:26;7650.0;7706.03;SPXW  260923C07650000;54.7;56.7
2026-09-23 19:26;7655.0;7706.03;SPXW  260923C07655000;49.7;51.7
2026-09-23 19:26;7660.0;7706.03;SPXW  260923C07660000;44.7;46.7
2026-09-23 19:26;7665.0;7706.03;SPXW  260923C07665000;39.7;41.7
2026-09-23 19:26;7670.0;7706.03;SPXW  260923C07670000;34.7;36.7
2026-09-23 19:26;7675.0;7706.03;SPXW  260923C07675000;29.7;31.7
2026-09-23 19:26;7680.0;7706.03;SPXW  260923C07680000;24.7;26.6
2026-09-23 19:26;7685.0;7706.03;SPXW  260923C07685000;19.7;21.6
2026-09-23 19:26;7690.0;7706.03;SPXW  260923C07690000;14.7;16.7
2026-09-23 19:26;7695.0;7706.03;SPXW  260923C07695000;9.7;11.7
2026-09-23 19:26;7700.0;7706.03;SPXW  260923C07700000;4.7;5.7
2026-09-23 19:26;7705.0;7706.03;SPXW  260923C07705000;0.65;1.0
2026-09-23 19:26;7710.0;7706.03;SPXW  260923C07710000;0.0;0.05
2026-09-23 19:26;7715.0;7706.03;SPXW  260923C07715000;0.0;0.05
2026-09-23 19:26;7720.0;7706.03;SPXW  260923C07720000;0.0;0.05
2026-09-23 19:26;7725.0;7706.03;SPXW  260923C07725000;0.0;0.05
2026-09-23 19:26;7730.0;7706.03;SPXW  260923C07730000;0.0;0.05
2026-09-23 19:26;7735.0;7706.03;SPXW  260923C07735000;0.0;0.05
2026-09-23 19:26;7740.0;7706.03;SPXW  260923C07740000;0.0;0.05
2026-09-23 19:26;7745.0;7706.03;SPXW  260923C07745000;0.0;0.05
2026-09-23 19:26;7750.0;7706.03;SPXW  260923C07750000;0.0;0.05
2026-09-23 19:26;7755.0;7706.03;SPXW  260923C07755000;0.0;0.05
2026-09-23 19:26;7760.0;7706.03;SPXW  260923C07760000;0.0;0.05
2026-09-23 19:26;7765.0;7706.03;SPXW  260923C07765000;0.0;0.05
2026-09-23 19:26;7770.0;7706.03;SPXW  260923C07770000;0.0;0.05
2026-09-23 19:26;7775.0;7706.03;SPXW  260923C07775000;0.0;0.05
2026-09-23 19:26;7780.0;7706.03;SPXW  260923C07780000;0.0;0.05
2026-09-23 19:26;7785.0;7706.03;SPXW  260923C07785000;0.0;0.05
2026-09-23 19:26;7790.0;7706.03;SPXW  260923C07790000;0.0;0.05
2026-09-23 19:26;7795.0;7706.03;SPXW  260923C07795000;0.0;0.05
2026-09-23 19:26;7800.0;7706.03;SPXW  260923C07800000;0.0;0.05
2026-09-23 19:26;7805.0;7706.03;SPXW  260923C07805000;0.0;0.05
2026-09-23 19:26;7810.0;7706.03;SPXW  260923C07810000;0.0;0.05
2026-09-23 19:26;7815.0;7706.03;SPXW  260923C07815000;0.0;0.05
2026-09-23 19:26;7820.0;7706.03;SPXW  260923C07820000;0.0;0.05
2026-09-23 19:26;7825.0;7706.03;SPXW  260923C07825000;0.0;0.05
2026-09-23 19:26;7830.0;7706.03;SPXW  260923C07830000;0.0;0.05
2026-09-23 19:26;7835.0;7706.03;SPXW  260923C07835000;0.0;0.05
2026-09-23 19:26;7840.0;7706.03;SPXW  260923C07840000;0.0;0.05
2026-09-23 19:26;7845.0;7706.03;SPXW  260923C07845000;0.0;0.05
2026-09-23 19:26;7850.0;7706.03;SPXW  260923C07850000;0.0;0.05
2026-09-23 19:26;7855.0;7706.03;SPXW  260923C07855000;0.0;0.05
2026-09-23 19:26;7860.0;7706.03;SPXW  260923C07860000;0.0;0.05
2026-09-23 19:26;7865.0;7706.03;SPXW  260923C07865000;0.0;0.05
2026-09-23 19:26;7870.0;7706.03;SPXW  260923C07870000;0.0;0.05
2026-09-23 19:26;7875.0;7706.03;SPXW  260923C07875000;0.0;0.05
2026-09-23 19:26;7880.0;7706.03;SPXW  260923C07880000;0.0;0.05
2026-09-23 19:26;7885.0;7706.03;SPXW  260923C07885000;0.0;0.05
2026-09-23 19:26;7890.0;7706.03;SPXW  260923C07890000;0.0;0.05
2026-09-23 19:26;7895.0;7706.03;SPXW  260923C07895000;0.0;0.05
2026-09-23 19:26;7900.0;7706.03;SPXW  260923C07900000;0.0;0.05
2026-09-23 19:26;7905.0;7706.03;SPXW  260923C07905000;0.0;0.05
2026-09-23 19:26;7910.0;7706.03;SPXW  260923C07910000;0.0;0.05
2026-09-23 19:26;7915.0;7706.03;SPXW  260923C07915000;0.0;0.05
2026-09-23 19:26;7920.0;7706.03;SPXW  260923C07920000;0.0;0.05
2026-09-23 19:26;7925.0;7706.03;SPXW  260923C07925000;0.0;0.05
2026-09-23 19:26;7930.0;7706.03;SPXW  260923C07930000;0.0;0.05
2026-09-23 19:26;7935.0;7706.03;SPXW  260923C07935000;0.0;0.05
2026-09-23 19:26;7940.0;7706.03;SPXW  260923C07940000;0.0;0.05
2026-09-23 19:26;7945.0;7706.03;SPXW  260923C07945000;0.0;0.05
2026-09-23 19:26;7950.0;7706.03;SPXW  260923C07950000;0.0;0.05
2026-09-23 19:26;7955.0;7706.03;SPXW  260923C07955000;0.0;0.05
2026-09-23 19:26;7460.0;7706.03;SPXW  260923P07460000;0.0;0.05
2026-09-23 19:26;7465.0;7706.03;SPXW  260923P07465000;0.0;0.05
2026-09-23 19:26;7470.0;7706.03;SPXW  260923P07470000;0.0;0.05
2026-09-23 19:26;7475.0;7706.03;SPXW  260923P07475000;0.0;0.05
2026-09-23 19:26;7480.0;7706.03;SPXW  260923P07480000;0.0;0.05
2026-09-23 19:26;7485.0;7706.03;SPXW  260923P07485000;0.0;0.05
2026-09-23 19:26;7490.0;7706.03;SPXW  260923P07490000;0.0;0.05
2026-09-23 19:26;7495.0;7706.03;SPXW  260923P07495000;0.0;0.05
2026-09-23 19:26;7500.0;7706.03;SPXW  260923P07500000;0.0;0.05
2026-09-23 19:26;7505.0;7706.03;SPXW  260923P07505000;0.0;0.05
2026-09-23 19:26;7510.0;7706.03;SPXW  260923P07510000;0.0;0.05
2026-09-23 19:26;7515.0;7706.03;SPXW  260923P07515000;0.0;0.05
2026-09-23 19:26;7520.0;7706.03;SPXW  260923P07520000;0.0;0.05
2026-09-23 19:26;7525.0;7706.03;SPXW  260923P07525000;0.0;0.05
2026-09-23 19:26;7530.0;7706.03;SPXW  260923P07530000;0.0;0.05
2026-09-23 19:26;7535.0;7706.03;SPXW  260923P07535000;0.0;0.05
2026-09-23 19:26;7540.0;7706.03;SPXW  260923P07540000;0.0;0.05
2026-09-23 19:26;7545.0;7706.03;SPXW  260923P07545000;0.0;0.05
2026-09-23 19:26;7550.0;7706.03;SPXW  260923P07550000;0.0;0.05
2026-09-23 19:26;7555.0;7706.03;SPXW  260923P07555000;0.0;0.05
2026-09-23 19:26;7560.0;7706.03;SPXW  260923P07560000;0.0;0.05
2026-09-23 19:26;7565.0;7706.03;SPXW  260923P07565000;0.0;0.05
2026-09-23 19:26;7570.0;7706.03;SPXW  260923P07570000;0.0;0.05
2026-09-23 19:26;7575.0;7706.03;SPXW  260923P07575000;0.0;0.05
2026-09-23 19:26;7580.0;7706.03;SPXW  260923P07580000;0.0;0.05
2026-09-23 19:26;7585.0;7706.03;SPXW  260923P07585000;0.0;0.05
2026-09-23 19:26;7590.0;7706.03;SPXW  260923P07590000;0.0;0.05
2026-09-23 19:26;7595.0;7706.03;SPXW  260923P07595000;0.0;0.05
2026-09-23 19:26;7600.0;7706.03;SPXW  260923P07600000;0.0;0.05
2026-09-23 19:26;7605.0;7706.03;SPXW  260923P07605000;0.0;0.05
2026-09-23 19:26;7610.0;7706.03;SPXW  260923P07610000;0.0;0.05
2026-09-23 19:26;7615.0;7706.03;SPXW  260923P07615000;0.0;0.05
2026-09-23 19:26;7620.0;7706.03;SPXW  260923P07620000;0.0;0.05
2026-09-23 19:26;7625.0;7706.03;SPXW  260923P07625000;0.0;0.05
2026-09-23 19:26;7630.0;7706.03;SPXW  260923P07630000;0.0;0.05
2026-09-23 19:26;7635.0;7706.03;SPXW  260923P07635000;0.0;0.05
2026-09-23 19:26;7640.0;7706.03;SPXW  260923P07640000;0.0;0.05
2026-09-23 19:26;7645.0;7706.03;SPXW  260923P07645000;0.0;0.05
2026-09-23 19:26;7650.0;7706.03;SPXW  260923P07650000;0.0;0.05
2026-09-23 19:26;7655.0;7706.03;SPXW  260923P07655000;0.0;0.05
2026-09-23 19:26;7660.0;7706.03;SPXW  260923P07660000;0.0;0.05
2026-09-23 19:26;7665.0;7706.03;SPXW  260923P07665000;0.0;0.05
2026-09-23 19:26;7670.0;7706.03;SPXW  260923P07670000;0.0;0.05
2026-09-23 19:26;7675.0;7706.03;SPXW  260923P07675000;0.0;0.05
2026-09-23 19:26;7680.0;7706.03;SPXW  260923P07680000;0.0;0.05
2026-09-23 19:26;7685.0;7706.03;SPXW  260923P07685000;0.0;0.05
2026-09-23 19:26;7690.0;7706.03;SPXW  260923P07690000;0.0;0.05
2026-09-23 19:26;7695.0;7706.03;SPXW  260923P07695000;0.0;0.05
2026-09-23 19:26;7700.0;7706.03;SPXW  260923P07700000;0.0;0.05
2026-09-23 19:26;7705.0;7706.03;SPXW  260923P07705000;0.45;0.6
2026-09-23 19:26;7710.0;7706.03;SPXW  260923P07710000;3.4;4.9
2026-09-23 19:26;7715.0;7706.03;SPXW  260923P07715000;8.4;10.7
2026-09-23 19:26;7720.0;7706.03;SPXW  260923P07720000;13.5;16.1
2026-09-23 19:26;7725.0;7706.03;SPXW  260923P07725000;18.4;20.3
2026-09-23 19:26;7730.0;7706.03;SPXW  260923P07730000;23.3;25.3
2026-09-23 19:26;7735.0;7706.03;SPXW  260923P07735000;28.3;30.3
2026-09-23 19:26;7740.0;7706.03;SPXW  260923P07740000;33.3;36.2
2026-09-23 19:26;7745.0;7706.03;SPXW  260923P07745000;38.4;40.3
2026-09-23 19:26;7750.0;7706.03;SPXW  260923P07750000;43.3;45.3
2026-09-23 19:26;7755.0;7706.03;SPXW  260923P07755000;48.4;50.3
2026-09-23 19:26;7760.0;7706.03;SPXW  260923P07760000;49.0;55.3
2026-09-23 19:26;7765.0;7706.03;SPXW  260923P07765000;58.4;61.2
2026-09-23 19:26;7770.0;7706.03;SPXW  260923P07770000;63.4;65.3
2026-09-23 19:26;7775.0;7706.03;SPXW  260923P07775000;64.2;70.3
2026-09-23 19:26;7780.0;7706.03;SPXW  260923P07780000;73.3;75.3
2026-09-23 19:26;7785.0;7706.03;SPXW  260923P07785000;78.3;80.3
2026-09-23 19:26;7790.0;7706.03;SPXW  260923P07790000;83.3;86.2
2026-09-23 19:26;7795.0;7706.03;SPXW  260923P07795000;88.3;90.3
2026-09-23 19:26;7800.0;7706.03;SPXW  260923P07800000;93.3;95.3
2026-09-23 19:26;7805.0;7706.03;SPXW  260923P07805000;98.3;101.2
2026-09-23 19:26;7810.0;7706.03;SPXW  260923P07810000;103.3;105.3
2026-09-23 19:26;7815.0;7706.03;SPXW  260923P07815000;108.4;110.3
2026-09-23 19:26;7820.0;7706.03;SPXW  260923P07820000;113.3;115.3
2026-09-23 19:26;7825.0;7706.03;SPXW  260923P07825000;118.4;120.3
2026-09-23 19:26;7830.0;7706.03;SPXW  260923P07830000;123.3;125.3
2026-09-23 19:26;7835.0;7706.03;SPXW  260923P07835000;128.3;130.3
2026-09-23 19:26;7840.0;7706.03;SPXW  260923P07840000;133.4;135.3
2026-09-23 19:26;7845.0;7706.03;SPXW  260923P07845000;138.4;140.3
2026-09-23 19:26;7850.0;7706.03;SPXW  260923P07850000;143.3;145.3
2026-09-23 19:26;7855.0;7706.03;SPXW  260923P07855000;148.3;150.3
2026-09-23 19:26;7860.0;7706.03;SPXW  260923P07860000;153.3;155.3
2026-09-23 19:26;7865.0;7706.03;SPXW  260923P07865000;151.9;160.3
2026-09-23 19:26;7870.0;7706.03;SPXW  260923P07870000;163.4;165.3
2026-09-23 19:26;7875.0;7706.03;SPXW  260923P07875000;161.7;170.3
2026-09-23 19:26;7880.0;7706.03;SPXW  260923P07880000;167.8;175.3
2026-09-23 19:26;7885.0;7706.03;SPXW  260923P07885000;171.5;180.3
2026-09-23 19:26;7890.0;7706.03;SPXW  260923P07890000;176.4;185.3
2026-09-23 19:26;7895.0;7706.03;SPXW  260923P07895000;182.8;190.3
2026-09-23 19:26;7900.0;7706.03;SPXW  260923P07900000;186.2;195.3
2026-09-23 19:26;7905.0;7706.03;SPXW  260923P07905000;191.1;200.3
2026-09-23 19:26;7910.0;7706.03;SPXW  260923P07910000;196.1;209.8
2026-09-23 19:26;7915.0;7706.03;SPXW  260923P07915000;201.1;214.8
2026-09-23 19:26;7920.0;7706.03;SPXW  260923P07920000;207.6;221.3
2026-09-23 19:26;7925.0;7706.03;SPXW  260923P07925000;208.4;228.9
2026-09-23 19:26;7930.0;7706.03;SPXW  260923P07930000;212.7;233.2
2026-09-23 19:26;7935.0;7706.03;SPXW  260923P07935000;218.2;238.7
2026-09-23 19:26;7940.0;7706.03;SPXW  260923P07940000;222.7;243.2
2026-09-23 19:26;7945.0;7706.03;SPXW  260923P07945000;227.7;248.2
2026-09-23 19:26;7950.0;7706.03;SPXW  260923P07950000;233.4;253.9
2026-09-23 19:26;7955.0;7706.03;SPXW  260923P07955000;238.2;258.7
2026-09-23 19:30;7460.0;7706.03;SPXW  260923C07460000;236.1;256.6
2026-09-23 19:30;7465.0;7706.03;SPXW  260923C07465000;231.8;252.3
2026-09-23 19:30;7470.0;7706.03;SPXW  260923C07470000;226.8;247.3
2026-09-23 19:30;7475.0;7706.03;SPXW  260923C07475000;221.3;241.8
2026-09-23 19:30;7480.0;7706.03;SPXW  260923C07480000;216.8;237.3
2026-09-23 19:30;7485.0;7706.03;SPXW  260923C07485000;211.3;231.8
2026-09-23 19:30;7490.0;7706.03;SPXW  260923C07490000;210.2;223.9
2026-09-23 19:30;7495.0;7706.03;SPXW  260923C07495000;205.2;218.9
2026-09-23 19:30;7500.0;7706.03;SPXW  260923C07500000;200.2;213.9
2026-09-23 19:30;7505.0;7706.03;SPXW  260923C07505000;195.2;208.9
2026-09-23 19:30;7510.0;7706.03;SPXW  260923C07510000;190.2;203.9
2026-09-23 19:30;7515.0;7706.03;SPXW  260923C07515000;188.8;191.7
2026-09-23 19:30;7520.0;7706.03;SPXW  260923C07520000;184.7;186.7
2026-09-23 19:30;7525.0;7706.03;SPXW  260923C07525000;179.7;186.2
2026-09-23 19:30;7530.0;7706.03;SPXW  260923C07530000;174.7;176.7
2026-09-23 19:30;7535.0;7706.03;SPXW  260923C07535000;169.7;171.7
2026-09-23 19:30;7540.0;7706.03;SPXW  260923C07540000;164.7;171.5
2026-09-23 19:30;7545.0;7706.03;SPXW  260923C07545000;159.7;161.7
2026-09-23 19:30;7550.0;7706.03;SPXW  260923C07550000;154.7;156.7
2026-09-23 19:30;7555.0;7706.03;SPXW  260923C07555000;149.7;151.7
2026-09-23 19:30;7560.0;7706.03;SPXW  260923C07560000;144.7;146.7
2026-09-23 19:30;7565.0;7706.03;SPXW  260923C07565000;139.7;147.0
2026-09-23 19:30;7570.0;7706.03;SPXW  260923C07570000;134.7;136.7
2026-09-23 19:30;7575.0;7706.03;SPXW  260923C07575000;129.7;131.7
2026-09-23 19:30;7580.0;7706.03;SPXW  260923C07580000;123.8;126.7
2026-09-23 19:30;7585.0;7706.03;SPXW  260923C07585000;118.8;121.6
2026-09-23 19:30;7590.0;7706.03;SPXW  260923C07590000;114.7;122.2
2026-09-23 19:30;7595.0;7706.03;SPXW  260923C07595000;109.7;111.7
2026-09-23 19:30;7600.0;7706.03;SPXW  260923C07600000;104.7;106.7
2026-09-23 19:30;7605.0;7706.03;SPXW  260923C07605000;98.8;101.7
2026-09-23 19:30;7610.0;7706.03;SPXW  260923C07610000;94.7;96.7
2026-09-23 19:30;7615.0;7706.03;SPXW  260923C07615000;89.7;91.7
2026-09-23 19:30;7620.0;7706.03;SPXW  260923C07620000;84.7;86.7
2026-09-23 19:30;7625.0;7706.03;SPXW  260923C07625000;79.7;81.7
2026-09-23 19:30;7630.0;7706.03;SPXW  260923C07630000;74.7;76.7
2026-09-23 19:30;7635.0;7706.03;SPXW  260923C07635000;69.7;77.1
2026-09-23 19:30;7640.0;7706.03;SPXW  260923C07640000;64.7;66.7
2026-09-23 19:30;7645.0;7706.03;SPXW  260923C07645000;58.8;61.7
2026-09-23 19:30;7650.0;7706.03;SPXW  260923C07650000;54.7;56.7
2026-09-23 19:30;7655.0;7706.03;SPXW  260923C07655000;49.7;51.7
2026-09-23 19:30;7660.0;7706.03;SPXW  260923C07660000;44.7;46.7
2026-09-23 19:30;7665.0;7706.03;SPXW  260923C07665000;39.7;41.7
2026-09-23 19:30;7670.0;7706.03;SPXW  260923C07670000;34.7;36.7
2026-09-23 19:30;7675.0;7706.03;SPXW  260923C07675000;29.7;31.7
2026-09-23 19:30;7680.0;7706.03;SPXW  260923C07680000;24.7;26.6
2026-09-23 19:30;7685.0;7706.03;SPXW  260923C07685000;19.7;21.6
2026-09-23 19:30;7690.0;7706.03;SPXW  260923C07690000;14.7;16.7
2026-09-23 19:30;7695.0;7706.03;SPXW  260923C07695000;9.7;11.7
2026-09-23 19:30;7700.0;7706.03;SPXW  260923C07700000;4.7;5.7
2026-09-23 19:30;7705.0;7706.03;SPXW  260923C07705000;0.65;1.0
2026-09-23 19:30;7710.0;7706.03;SPXW  260923C07710000;0.0;0.05
2026-09-23 19:30;7715.0;7706.03;SPXW  260923C07715000;0.0;0.05
2026-09-23 19:30;7720.0;7706.03;SPXW  260923C07720000;0.0;0.05
2026-09-23 19:30;7725.0;7706.03;SPXW  260923C07725000;0.0;0.05
2026-09-23 19:30;7730.0;7706.03;SPXW  260923C07730000;0.0;0.05
2026-09-23 19:30;7735.0;7706.03;SPXW  260923C07735000;0.0;0.05
2026-09-23 19:30;7740.0;7706.03;SPXW  260923C07740000;0.0;0.05
2026-09-23 19:30;7745.0;7706.03;SPXW  260923C07745000;0.0;0.05
2026-09-23 19:30;7750.0;7706.03;SPXW  260923C07750000;0.0;0.05
2026-09-23 19:30;7755.0;7706.03;SPXW  260923C07755000;0.0;0.05
2026-09-23 19:30;7760.0;7706.03;SPXW  260923C07760000;0.0;0.05
2026-09-23 19:30;7765.0;7706.03;SPXW  260923C07765000;0.0;0.05
2026-09-23 19:30;7770.0;7706.03;SPXW  260923C07770000;0.0;0.05
2026-09-23 19:30;7775.0;7706.03;SPXW  260923C07775000;0.0;0.05
2026-09-23 19:30;7780.0;7706.03;SPXW  260923C07780000;0.0;0.05
2026-09-23 19:30;7785.0;7706.03;SPXW  260923C07785000;0.0;0.05
2026-09-23 19:30;7790.0;7706.03;SPXW  260923C07790000;0.0;0.05
2026-09-23 19:30;7795.0;7706.03;SPXW  260923C07795000;0.0;0.05
2026-09-23 19:30;7800.0;7706.03;SPXW  260923C07800000;0.0;0.05
2026-09-23 19:30;7805.0;7706.03;SPXW  260923C07805000;0.0;0.05
2026-09-23 19:30;7810.0;7706.03;SPXW  260923C07810000;0.0;0.05
2026-09-23 19:30;7815.0;7706.03;SPXW  260923C07815000;0.0;0.05
2026-09-23 19:30;7820.0;7706.03;SPXW  260923C07820000;0.0;0.05
2026-09-23 19:30;7825.0;7706.03;SPXW  260923C07825000;0.0;0.05
2026-09-23 19:30;7830.0;7706.03;SPXW  260923C07830000;0.0;0.05
2026-09-23 19:30;7835.0;7706.03;SPXW  260923C07835000;0.0;0.05
2026-09-23 19:30;7840.0;7706.03;SPXW  260923C07840000;0.0;0.05
2026-09-23 19:30;7845.0;7706.03;SPXW  260923C07845000;0.0;0.05
2026-09-23 19:30;7850.0;7706.03;SPXW  260923C07850000;0.0;0.05
2026-09-23 19:30;7855.0;7706.03;SPXW  260923C07855000;0.0;0.05
2026-09-23 19:30;7860.0;7706.03;SPXW  260923C07860000;0.0;0.05
2026-09-23 19:30;7865.0;7706.03;SPXW  260923C07865000;0.0;0.05
2026-09-23 19:30;7870.0;7706.03;SPXW  260923C07870000;0.0;0.05
2026-09-23 19:30;7875.0;7706.03;SPXW  260923C07875000;0.0;0.05
2026-09-23 19:30;7880.0;7706.03;SPXW  260923C07880000;0.0;0.05
2026-09-23 19:30;7885.0;7706.03;SPXW  260923C07885000;0.0;0.05
2026-09-23 19:30;7890.0;7706.03;SPXW  260923C07890000;0.0;0.05
2026-09-23 19:30;7895.0;7706.03;SPXW  260923C07895000;0.0;0.05
2026-09-23 19:30;7900.0;7706.03;SPXW  260923C07900000;0.0;0.05
2026-09-23 19:30;7905.0;7706.03;SPXW  260923C07905000;0.0;0.05
2026-09-23 19:30;7910.0;7706.03;SPXW  260923C07910000;0.0;0.05
2026-09-23 19:30;7915.0;7706.03;SPXW  260923C07915000;0.0;0.05
2026-09-23 19:30;7920.0;7706.03;SPXW  260923C07920000;0.0;0.05
2026-09-23 19:30;7925.0;7706.03;SPXW  260923C07925000;0.0;0.05
2026-09-23 19:30;7930.0;7706.03;SPXW  260923C07930000;0.0;0.05
2026-09-23 19:30;7935.0;7706.03;SPXW  260923C07935000;0.0;0.05
2026-09-23 19:30;7940.0;7706.03;SPXW  260923C07940000;0.0;0.05
2026-09-23 19:30;7945.0;7706.03;SPXW  260923C07945000;0.0;0.05
2026-09-23 19:30;7950.0;7706.03;SPXW  260923C07950000;0.0;0.05
2026-09-23 19:30;7955.0;7706.03;SPXW  260923C07955000;0.0;0.05
2026-09-23 19:30;7460.0;7706.03;SPXW  260923P07460000;0.0;0.05
2026-09-23 19:30;7465.0;7706.03;SPXW  260923P07465000;0.0;0.05
2026-09-23 19:30;7470.0;7706.03;SPXW  260923P07470000;0.0;0.05
2026-09-23 19:30;7475.0;7706.03;SPXW  260923P07475000;0.0;0.05
2026-09-23 19:30;7480.0;7706.03;SPXW  260923P07480000;0.0;0.05
2026-09-23 19:30;7485.0;7706.03;SPXW  260923P07485000;0.0;0.05
2026-09-23 19:30;7490.0;7706.03;SPXW  260923P07490000;0.0;0.05
2026-09-23 19:30;7495.0;7706.03;SPXW  260923P07495000;0.0;0.05
2026-09-23 19:30;7500.0;7706.03;SPXW  260923P07500000;0.0;0.05
2026-09-23 19:30;7505.0;7706.03;SPXW  260923P07505000;0.0;0.05
2026-09-23 19:30;7510.0;7706.03;SPXW  260923P07510000;0.0;0.05
2026-09-23 19:30;7515.0;7706.03;SPXW  260923P07515000;0.0;0.05
2026-09-23 19:30;7520.0;7706.03;SPXW  260923P07520000;0.0;0.05
2026-09-23 19:30;7525.0;7706.03;SPXW  260923P07525000;0.0;0.05
2026-09-23 19:30;7530.0;7706.03;SPXW  260923P07530000;0.0;0.05
2026-09-23 19:30;7535.0;7706.03;SPXW  260923P07535000;0.0;0.05
2026-09-23 19:30;7540.0;7706.03;SPXW  260923P07540000;0.0;0.05
2026-09-23 19:30;7545.0;7706.03;SPXW  260923P07545000;0.0;0.05
2026-09-23 19:30;7550.0;7706.03;SPXW  260923P07550000;0.0;0.05
2026-09-23 19:30;7555.0;7706.03;SPXW  260923P07555000;0.0;0.05
2026-09-23 19:30;7560.0;7706.03;SPXW  260923P07560000;0.0;0.05
2026-09-23 19:30;7565.0;7706.03;SPXW  260923P07565000;0.0;0.05
2026-09-23 19:30;7570.0;7706.03;SPXW  260923P07570000;0.0;0.05
2026-09-23 19:30;7575.0;7706.03;SPXW  260923P07575000;0.0;0.05
2026-09-23 19:30;7580.0;7706.03;SPXW  260923P07580000;0.0;0.05
2026-09-23 19:30;7585.0;7706.03;SPXW  260923P07585000;0.0;0.05
2026-09-23 19:30;7590.0;7706.03;SPXW  260923P07590000;0.0;0.05
2026-09-23 19:30;7595.0;7706.03;SPXW  260923P07595000;0.0;0.05
2026-09-23 19:30;7600.0;7706.03;SPXW  260923P07600000;0.0;0.05
2026-09-23 19:30;7605.0;7706.03;SPXW  260923P07605000;0.0;0.05
2026-09-23 19:30;7610.0;7706.03;SPXW  260923P07610000;0.0;0.05
2026-09-23 19:30;7615.0;7706.03;SPXW  260923P07615000;0.0;0.05
2026-09-23 19:30;7620.0;7706.03;SPXW  260923P07620000;0.0;0.05
2026-09-23 19:30;7625.0;7706.03;SPXW  260923P07625000;0.0;0.05
2026-09-23 19:30;7630.0;7706.03;SPXW  260923P07630000;0.0;0.05
2026-09-23 19:30;7635.0;7706.03;SPXW  260923P07635000;0.0;0.05
2026-09-23 19:30;7640.0;7706.03;SPXW  260923P07640000;0.0;0.05
2026-09-23 19:30;7645.0;7706.03;SPXW  260923P07645000;0.0;0.05
2026-09-23 19:30;7650.0;7706.03;SPXW  260923P07650000;0.0;0.05
2026-09-23 19:30;7655.0;7706.03;SPXW  260923P07655000;0.0;0.05
2026-09-23 19:30;7660.0;7706.03;SPXW  260923P07660000;0.0;0.05
2026-09-23 19:30;7665.0;7706.03;SPXW  260923P07665000;0.0;0.05
2026-09-23 19:30;7670.0;7706.03;SPXW  260923P07670000;0.0;0.05
2026-09-23 19:30;7675.0;7706.03;SPXW  260923P07675000;0.0;0.05
2026-09-23 19:30;7680.0;7706.03;SPXW  260923P07680000;0.0;0.05
2026-09-23 19:30;7685.0;7706.03;SPXW  260923P07685000;0.0;0.05
2026-09-23 19:30;7690.0;7706.03;SPXW  260923P07690000;0.0;0.05
2026-09-23 19:30;7695.0;7706.03;SPXW  260923P07695000;0.0;0.05
2026-09-23 19:30;7700.0;7706.03;SPXW  260923P07700000;0.0;0.05
2026-09-23 19:30;7705.0;7706.03;SPXW  260923P07705000;0.45;0.6
2026-09-23 19:30;7710.0;7706.03;SPXW  260923P07710000;3.4;4.9
2026-09-23 19:30;7715.0;7706.03;SPXW  260923P07715000;8.4;10.7
2026-09-23 19:30;7720.0;7706.03;SPXW  260923P07720000;13.5;16.1
2026-09-23 19:30;7725.0;7706.03;SPXW  260923P07725000;18.4;20.3
2026-09-23 19:30;7730.0;7706.03;SPXW  260923P07730000;23.3;25.3
2026-09-23 19:30;7735.0;7706.03;SPXW  260923P07735000;28.3;30.3
2026-09-23 19:30;7740.0;7706.03;SPXW  260923P07740000;33.3;36.2
2026-09-23 19:30;7745.0;7706.03;SPXW  260923P07745000;38.4;40.3
2026-09-23 19:30;7750.0;7706.03;SPXW  260923P07750000;43.3;45.3
2026-09-23 19:30;7755.0;7706.03;SPXW  260923P07755000;48.4;50.3
2026-09-23 19:30;7760.0;7706.03;SPXW  260923P07760000;49.0;55.3
2026-09-23 19:30;7765.0;7706.03;SPXW  260923P07765000;58.4;61.2
2026-09-23 19:30;7770.0;7706.03;SPXW  260923P07770000;63.4;65.3
2026-09-23 19:30;7775.0;7706.03;SPXW  260923P07775000;64.2;70.3
2026-09-23 19:30;7780.0;7706.03;SPXW  260923P07780000;73.3;75.3
2026-09-23 19:30;7785.0;7706.03;SPXW  260923P07785000;78.3;80.3
2026-09-23 19:30;7790.0;7706.03;SPXW  260923P07790000;83.3;86.2
2026-09-23 19:30;7795.0;7706.03;SPXW  260923P07795000;88.3;90.3
2026-09-23 19:30;7800.0;7706.03;SPXW  260923P07800000;93.3;95.3
2026-09-23 19:30;7805.0;7706.03;SPXW  260923P07805000;98.3;101.2
2026-09-23 19:30;7810.0;7706.03;SPXW  260923P07810000;103.3;105.3
2026-09-23 19:30;7815.0;7706.03;SPXW  260923P07815000;108.4;110.3
2026-09-23 19:30;7820.0;7706.03;SPXW  260923P07820000;113.3;115.3
2026-09-23 19:30;7825.0;7706.03;SPXW  260923P07825000;118.4;120.3
2026-09-23 19:30;7830.0;7706.03;SPXW  260923P07830000;123.3;125.3
2026-09-23 19:30;7835.0;7706.03;SPXW  260923P07835000;128.3;130.3
2026-09-23 19:30;7840.0;7706.03;SPXW  260923P07840000;133.4;135.3
2026-09-23 19:30;7845.0;7706.03;SPXW  260923P07845000;138.4;140.3
2026-09-23 19:30;7850.0;7706.03;SPXW  260923P07850000;143.3;145.3
2026-09-23 19:30;7855.0;7706.03;SPXW  260923P07855000;148.3;150.3
2026-09-23 19:30;7860.0;7706.03;SPXW  260923P07860000;153.3;155.3
2026-09-23 19:30;7865.0;7706.03;SPXW  260923P07865000;151.9;160.3
2026-09-23 19:30;7870.0;7706.03;SPXW  260923P07870000;163.4;165.3
2026-09-23 19:30;7875.0;7706.03;SPXW  260923P07875000;161.7;170.3
2026-09-23 19:30;7880.0;7706.03;SPXW  260923P07880000;167.8;175.3
2026-09-23 19:30;7885.0;7706.03;SPXW  260923P07885000;171.5;180.3
2026-09-23 19:30;7890.0;7706.03;SPXW  260923P07890000;176.4;185.3
2026-09-23 19:30;7895.0;7706.03;SPXW  260923P07895000;182.8;190.3
2026-09-23 19:30;7900.0;7706.03;SPXW  260923P07900000;186.2;195.3
2026-09-23 19:30;7905.0;7706.03;SPXW  260923P07905000;191.1;200.3
2026-09-23 19:30;7910.0;7706.03;SPXW  260923P07910000;196.1;209.8
2026-09-23 19:30;7915.0;7706.03;SPXW  260923P07915000;201.1;214.8
2026-09-23 19:30;7920.0;7706.03;SPXW  260923P07920000;207.6;221.3
2026-09-23 19:30;7925.0;7706.03;SPXW  260923P07925000;208.4;228.9
2026-09-23 19:30;7930.0;7706.03;SPXW  260923P07930000;212.7;233.2
2026-09-23 19:30;7935.0;7706.03;SPXW  260923P07935000;218.2;238.7
2026-09-23 19:30;7940.0;7706.03;SPXW  260923P07940000;222.7;243.2
2026-09-23 19:30;7945.0;7706.03;SPXW  260923P07945000;227.7;248.2
2026-09-23 19:30;7950.0;7706.03;SPXW  260923P07950000;233.4;253.9
2026-09-23 19:30;7955.0;7706.03;SPXW  260923P07955000;238.2;258.7
2026-09-23 19:35;7460.0;7706.03;SPXW  260923C07460000;236.1;256.6
2026-09-23 19:35;7465.0;7706.03;SPXW  260923C07465000;231.8;252.3
2026-09-23 19:35;7470.0;7706.03;SPXW  260923C07470000;226.8;247.3
2026-09-23 19:35;7475.0;7706.03;SPXW  260923C07475000;221.3;241.8
2026-09-23 19:35;7480.0;7706.03;SPXW  260923C07480000;216.8;237.3
2026-09-23 19:35;7485.0;7706.03;SPXW  260923C07485000;211.3;231.8
2026-09-23 19:35;7490.0;7706.03;SPXW  260923C07490000;210.2;223.9
2026-09-23 19:35;7495.0;7706.03;SPXW  260923C07495000;205.2;218.9
2026-09-23 19:35;7500.0;7706.03;SPXW  260923C07500000;200.2;213.9
2026-09-23 19:35;7505.0;7706.03;SPXW  260923C07505000;195.2;208.9
2026-09-23 19:35;7510.0;7706.03;SPXW  260923C07510000;190.2;203.9
2026-09-23 19:35;7515.0;7706.03;SPXW  260923C07515000;188.8;191.7
2026-09-23 19:35;7520.0;7706.03;SPXW  260923C07520000;184.7;186.7
2026-09-23 19:35;7525.0;7706.03;SPXW  260923C07525000;179.7;186.2
2026-09-23 19:35;7530.0;7706.03;SPXW  260923C07530000;174.7;176.7
2026-09-23 19:35;7535.0;7706.03;SPXW  260923C07535000;169.7;171.7
2026-09-23 19:35;7540.0;7706.03;SPXW  260923C07540000;164.7;171.5
2026-09-23 19:35;7545.0;7706.03;SPXW  260923C07545000;159.7;161.7
2026-09-23 19:35;7550.0;7706.03;SPXW  260923C07550000;154.7;156.7
2026-09-23 19:35;7555.0;7706.03;SPXW  260923C07555000;149.7;151.7
2026-09-23 19:35;7560.0;7706.03;SPXW  260923C07560000;144.7;146.7
2026-09-23 19:35;7565.0;7706.03;SPXW  260923C07565000;139.7;147.0
2026-09-23 19:35;7570.0;7706.03;SPXW  260923C07570000;134.7;136.7
2026-09-23 19:35;7575.0;7706.03;SPXW  260923C07575000;129.7;131.7
2026-09-23 19:35;7580.0;7706.03;SPXW  260923C07580000;123.8;126.7
2026-09-23 19:35;7585.0;7706.03;SPXW  260923C07585000;118.8;121.6
2026-09-23 19:35;7590.0;7706.03;SPXW  260923C07590000;114.7;122.2
2026-09-23 19:35;7595.0;7706.03;SPXW  260923C07595000;109.7;111.7
2026-09-23 19:35;7600.0;7706.03;SPXW  260923C07600000;104.7;106.7
2026-09-23 19:35;7605.0;7706.03;SPXW  260923C07605000;98.8;101.7
2026-09-23 19:35;7610.0;7706.03;SPXW  260923C07610000;94.7;96.7
2026-09-23 19:35;7615.0;7706.03;SPXW  260923C07615000;89.7;91.7
2026-09-23 19:35;7620.0;7706.03;SPXW  260923C07620000;84.7;86.7
2026-09-23 19:35;7625.0;7706.03;SPXW  260923C07625000;79.7;81.7
2026-09-23 19:35;7630.0;7706.03;SPXW  260923C07630000;74.7;76.7
2026-09-23 19:35;7635.0;7706.03;SPXW  260923C07635000;69.7;77.1
2026-09-23 19:35;7640.0;7706.03;SPXW  260923C07640000;64.7;66.7
2026-09-23 19:35;7645.0;7706.03;SPXW  260923C07645000;58.8;61.7
2026-09-23 19:35;7650.0;7706.03;SPXW  260923C07650000;54.7;56.7
2026-09-23 19:35;7655.0;7706.03;SPXW  260923C07655000;49.7;51.7
2026-09-23 19:35;7660.0;7706.03;SPXW  260923C07660000;44.7;46.7
2026-09-23 19:35;7665.0;7706.03;SPXW  260923C07665000;39.7;41.7
2026-09-23 19:35;7670.0;7706.03;SPXW  260923C07670000;34.7;36.7
2026-09-23 19:35;7675.0;7706.03;SPXW  260923C07675000;29.7;31.7
2026-09-23 19:35;7680.0;7706.03;SPXW  260923C07680000;24.7;26.6
2026-09-23 19:35;7685.0;7706.03;SPXW  260923C07685000;19.7;21.6
2026-09-23 19:35;7690.0;7706.03;SPXW  260923C07690000;14.7;16.7
2026-09-23 19:35;7695.0;7706.03;SPXW  260923C07695000;9.7;11.7
2026-09-23 19:35;7700.0;7706.03;SPXW  260923C07700000;4.7;5.7
2026-09-23 19:35;7705.0;7706.03;SPXW  260923C07705000;0.65;1.0
2026-09-23 19:35;7710.0;7706.03;SPXW  260923C07710000;0.0;0.05
2026-09-23 19:35;7715.0;7706.03;SPXW  260923C07715000;0.0;0.05
2026-09-23 19:35;7720.0;7706.03;SPXW  260923C07720000;0.0;0.05
2026-09-23 19:35;7725.0;7706.03;SPXW  260923C07725000;0.0;0.05
2026-09-23 19:35;7730.0;7706.03;SPXW  260923C07730000;0.0;0.05
2026-09-23 19:35;7735.0;7706.03;SPXW  260923C07735000;0.0;0.05
2026-09-23 19:35;7740.0;7706.03;SPXW  260923C07740000;0.0;0.05
2026-09-23 19:35;7745.0;7706.03;SPXW  260923C07745000;0.0;0.05
2026-09-23 19:35;7750.0;7706.03;SPXW  260923C07750000;0.0;0.05
2026-09-23 19:35;7755.0;7706.03;SPXW  260923C07755000;0.0;0.05
2026-09-23 19:35;7760.0;7706.03;SPXW  260923C07760000;0.0;0.05
2026-09-23 19:35;7765.0;7706.03;SPXW  260923C07765000;0.0;0.05
2026-09-23 19:35;7770.0;7706.03;SPXW  260923C07770000;0.0;0.05
2026-09-23 19:35;7775.0;7706.03;SPXW  260923C07775000;0.0;0.05
2026-09-23 19:35;7780.0;7706.03;SPXW  260923C07780000;0.0;0.05
2026-09-23 19:35;7785.0;7706.03;SPXW  260923C07785000;0.0;0.05
2026-09-23 19:35;7790.0;7706.03;SPXW  260923C07790000;0.0;0.05
2026-09-23 19:35;7795.0;7706.03;SPXW  260923C07795000;0.0;0.05
2026-09-23 19:35;7800.0;7706.03;SPXW  260923C07800000;0.0;0.05
2026-09-23 19:35;7805.0;7706.03;SPXW  260923C07805000;0.0;0.05
2026-09-23 19:35;7810.0;7706.03;SPXW  260923C07810000;0.0;0.05
2026-09-23 19:35;7815.0;7706.03;SPXW  260923C07815000;0.0;0.05
2026-09-23 19:35;7820.0;7706.03;SPXW  260923C07820000;0.0;0.05
2026-09-23 19:35;7825.0;7706.03;SPXW  260923C07825000;0.0;0.05
2026-09-23 19:35;7830.0;7706.03;SPXW  260923C07830000;0.0;0.05
2026-09-23 19:35;7835.0;7706.03;SPXW  260923C07835000;0.0;0.05
2026-09-23 19:35;7840.0;7706.03;SPXW  260923C07840000;0.0;0.05
2026-09-23 19:35;7845.0;7706.03;SPXW  260923C07845000;0.0;0.05
2026-09-23 19:35;7850.0;7706.03;SPXW  260923C07850000;0.0;0.05
2026-09-23 19:35;7855.0;7706.03;SPXW  260923C07855000;0.0;0.05
2026-09-23 19:35;7860.0;7706.03;SPXW  260923C07860000;0.0;0.05
2026-09-23 19:35;7865.0;7706.03;SPXW  260923C07865000;0.0;0.05
2026-09-23 19:35;7870.0;7706.03;SPXW  260923C07870000;0.0;0.05
2026-09-23 19:35;7875.0;7706.03;SPXW  260923C07875000;0.0;0.05
2026-09-23 19:35;7880.0;7706.03;SPXW  260923C07880000;0.0;0.05
2026-09-23 19:35;7885.0;7706.03;SPXW  260923C07885000;0.0;0.05
2026-09-23 19:35;7890.0;7706.03;SPXW  260923C07890000;0.0;0.05
2026-09-23 19:35;7895.0;7706.03;SPXW  260923C07895000;0.0;0.05
2026-09-23 19:35;7900.0;7706.03;SPXW  260923C07900000;0.0;0.05
2026-09-23 19:35;7905.0;7706.03;SPXW  260923C07905000;0.0;0.05
2026-09-23 19:35;7910.0;7706.03;SPXW  260923C07910000;0.0;0.05
2026-09-23 19:35;7915.0;7706.03;SPXW  260923C07915000;0.0;0.05
2026-09-23 19:35;7920.0;7706.03;SPXW  260923C07920000;0.0;0.05
2026-09-23 19:35;7925.0;7706.03;SPXW  260923C07925000;0.0;0.05
2026-09-23 19:35;7930.0;7706.03;SPXW  260923C07930000;0.0;0.05
2026-09-23 19:35;7935.0;7706.03;SPXW  260923C07935000;0.0;0.05
2026-09-23 19:35;7940.0;7706.03;SPXW  260923C07940000;0.0;0.05
2026-09-23 19:35;7945.0;7706.03;SPXW  260923C07945000;0.0;0.05
2026-09-23 19:35;7950.0;7706.03;SPXW  260923C07950000;0.0;0.05
2026-09-23 19:35;7955.0;7706.03;SPXW  260923C07955000;0.0;0.05
2026-09-23 19:35;7460.0;7706.03;SPXW  260923P07460000;0.0;0.05
2026-09-23 19:35;7465.0;7706.03;SPXW  260923P07465000;0.0;0.05
2026-09-23 19:35;7470.0;7706.03;SPXW  260923P07470000;0.0;0.05
2026-09-23 19:35;7475.0;7706.03;SPXW  260923P07475000;0.0;0.05
2026-09-23 19:35;7480.0;7706.03;SPXW  260923P07480000;0.0;0.05
2026-09-23 19:35;7485.0;7706.03;SPXW  260923P07485000;0.0;0.05
2026-09-23 19:35;7490.0;7706.03;SPXW  260923P07490000;0.0;0.05
2026-09-23 19:35;7495.0;7706.03;SPXW  260923P07495000;0.0;0.05
2026-09-23 19:35;7500.0;7706.03;SPXW  260923P07500000;0.0;0.05
2026-09-23 19:35;7505.0;7706.03;SPXW  260923P07505000;0.0;0.05
2026-09-23 19:35;7510.0;7706.03;SPXW  260923P07510000;0.0;0.05
2026-09-23 19:35;7515.0;7706.03;SPXW  260923P07515000;0.0;0.05
2026-09-23 19:35;7520.0;7706.03;SPXW  260923P07520000;0.0;0.05
2026-09-23 19:35;7525.0;7706.03;SPXW  260923P07525000;0.0;0.05
2026-09-23 19:35;7530.0;7706.03;SPXW  260923P07530000;0.0;0.05
2026-09-23 19:35;7535.0;7706.03;SPXW  260923P07535000;0.0;0.05
2026-09-23 19:35;7540.0;7706.03;SPXW  260923P07540000;0.0;0.05
2026-09-23 19:35;7545.0;7706.03;SPXW  260923P07545000;0.0;0.05
2026-09-23 19:35;7550.0;7706.03;SPXW  260923P07550000;0.0;0.05
2026-09-23 19:35;7555.0;7706.03;SPXW  260923P07555000;0.0;0.05
2026-09-23 19:35;7560.0;7706.03;SPXW  260923P07560000;0.0;0.05
2026-09-23 19:35;7565.0;7706.03;SPXW  260923P07565000;0.0;0.05
2026-09-23 19:35;7570.0;7706.03;SPXW  260923P07570000;0.0;0.05
2026-09-23 19:35;7575.0;7706.03;SPXW  260923P07575000;0.0;0.05
2026-09-23 19:35;7580.0;7706.03;SPXW  260923P07580000;0.0;0.05
2026-09-23 19:35;7585.0;7706.03;SPXW  260923P07585000;0.0;0.05
2026-09-23 19:35;7590.0;7706.03;SPXW  260923P07590000;0.0;0.05
2026-09-23 19:35;7595.0;7706.03;SPXW  260923P07595000;0.0;0.05
2026-09-23 19:35;7600.0;7706.03;SPXW  260923P07600000;0.0;0.05
2026-09-23 19:35;7605.0;7706.03;SPXW  260923P07605000;0.0;0.05
2026-09-23 19:35;7610.0;7706.03;SPXW  260923P07610000;0.0;0.05
2026-09-23 19:35;7615.0;7706.03;SPXW  260923P07615000;0.0;0.05
2026-09-23 19:35;7620.0;7706.03;SPXW  260923P07620000;0.0;0.05
2026-09-23 19:35;7625.0;7706.03;SPXW  260923P07625000;0.0;0.05
2026-09-23 19:35;7630.0;7706.03;SPXW  260923P07630000;0.0;0.05
2026-09-23 19:35;7635.0;7706.03;SPXW  260923P07635000;0.0;0.05
2026-09-23 19:35;7640.0;7706.03;SPXW  260923P07640000;0.0;0.05
2026-09-23 19:35;7645.0;7706.03;SPXW  260923P07645000;0.0;0.05
2026-09-23 19:35;7650.0;7706.03;SPXW  260923P07650000;0.0;0.05
2026-09-23 19:35;7655.0;7706.03;SPXW  260923P07655000;0.0;0.05
2026-09-23 19:35;7660.0;7706.03;SPXW  260923P07660000;0.0;0.05
2026-09-23 19:35;7665.0;7706.03;SPXW  260923P07665000;0.0;0.05
2026-09-23 19:35;7670.0;7706.03;SPXW  260923P07670000;0.0;0.05
2026-09-23 19:35;7675.0;7706.03;SPXW  260923P07675000;0.0;0.05
2026-09-23 19:35;7680.0;7706.03;SPXW  260923P07680000;0.0;0.05
2026-09-23 19:35;7685.0;7706.03;SPXW  260923P07685000;0.0;0.05
2026-09-23 19:35;7690.0;7706.03;SPXW  260923P07690000;0.0;0.05
2026-09-23 19:35;7695.0;7706.03;SPXW  260923P07695000;0.0;0.05
2026-09-23 19:35;7700.0;7706.03;SPXW  260923P07700000;0.0;0.05
2026-09-23 19:35;7705.0;7706.03;SPXW  260923P07705000;0.45;0.6
2026-09-23 19:35;7710.0;7706.03;SPXW  260923P07710000;3.4;4.9
2026-09-23 19:35;7715.0;7706.03;SPXW  260923P07715000;8.4;10.7
2026-09-23 19:35;7720.0;7706.03;SPXW  260923P07720000;13.5;16.1
2026-09-23 19:35;7725.0;7706.03;SPXW  260923P07725000;18.4;20.3
2026-09-23 19:35;7730.0;7706.03;SPXW  260923P07730000;23.3;25.3
2026-09-23 19:35;7735.0;7706.03;SPXW  260923P07735000;28.3;30.3
2026-09-23 19:35;7740.0;7706.03;SPXW  260923P07740000;33.3;36.2
2026-09-23 19:35;7745.0;7706.03;SPXW  260923P07745000;38.4;40.3
2026-09-23 19:35;7750.0;7706.03;SPXW  260923P07750000;43.3;45.3
2026-09-23 19:35;7755.0;7706.03;SPXW  260923P07755000;48.4;50.3
2026-09-23 19:35;7760.0;7706.03;SPXW  260923P07760000;49.0;55.3
2026-09-23 19:35;7765.0;7706.03;SPXW  260923P07765000;58.4;61.2
2026-09-23 19:35;7770.0;7706.03;SPXW  260923P07770000;63.4;65.3
2026-09-23 19:35;7775.0;7706.03;SPXW  260923P07775000;64.2;70.3
2026-09-23 19:35;7780.0;7706.03;SPXW  260923P07780000;73.3;75.3
2026-09-23 19:35;7785.0;7706.03;SPXW  260923P07785000;78.3;80.3
2026-09-23 19:35;7790.0;7706.03;SPXW  260923P07790000;83.3;86.2
2026-09-23 19:35;7795.0;7706.03;SPXW  260923P07795000;88.3;90.3
2026-09-23 19:35;7800.0;7706.03;SPXW  260923P07800000;93.3;95.3
2026-09-23 19:35;7805.0;7706.03;SPXW  260923P07805000;98.3;101.2
2026-09-23 19:35;7810.0;7706.03;SPXW  260923P07810000;103.3;105.3
2026-09-23 19:35;7815.0;7706.03;SPXW  260923P07815000;108.4;110.3
2026-09-23 19:35;7820.0;7706.03;SPXW  260923P07820000;113.3;115.3
2026-09-23 19:35;7825.0;7706.03;SPXW  260923P07825000;118.4;120.3
2026-09-23 19:35;7830.0;7706.03;SPXW  260923P07830000;123.3;125.3
2026-09-23 19:35;7835.0;7706.03;SPXW  260923P07835000;128.3;130.3
2026-09-23 19:35;7840.0;7706.03;SPXW  260923P07840000;133.4;135.3
2026-09-23 19:35;7845.0;7706.03;SPXW  260923P07845000;138.4;140.3
2026-09-23 19:35;7850.0;7706.03;SPXW  260923P07850000;143.3;145.3
2026-09-23 19:35;7855.0;7706.03;SPXW  260923P07855000;148.3;150.3
2026-09-23 19:35;7860.0;7706.03;SPXW  260923P07860000;153.3;155.3
2026-09-23 19:35;7865.0;7706.03;SPXW  260923P07865000;151.9;160.3
2026-09-23 19:35;7870.0;7706.03;SPXW  260923P07870000;163.4;165.3
2026-09-23 19:35;7875.0;7706.03;SPXW  260923P07875000;161.7;170.3
2026-09-23 19:35;7880.0;7706.03;SPXW  260923P07880000;167.8;175.3
2026-09-23 19:35;7885.0;7706.03;SPXW  260923P07885000;171.5;180.3
2026-09-23 19:35;7890.0;7706.03;SPXW  260923P07890000;176.4;185.3
2026-09-23 19:35;7895.0;7706.03;SPXW  260923P07895000;182.8;190.3
2026-09-23 19:35;7900.0;7706.03;SPXW  260923P07900000;186.2;195.3
2026-09-23 19:35;7905.0;7706.03;SPXW  260923P07905000;191.1;200.3
2026-09-23 19:35;7910.0;7706.03;SPXW  260923P07910000;196.1;209.8
2026-09-23 19:35;7915.0;7706.03;SPXW  260923P07915000;201.1;214.8
2026-09-23 19:35;7920.0;7706.03;SPXW  260923P07920000;207.6;221.3
2026-09-23 19:35;7925.0;7706.03;SPXW  260923P07925000;208.4;228.9
2026-09-23 19:35;7930.0;7706.03;SPXW  260923P07930000;212.7;233.2
2026-09-23 19:35;7935.0;7706.03;SPXW  260923P07935000;218.2;238.7
2026-09-23 19:35;7940.0;7706.03;SPXW  260923P07940000;222.7;243.2
2026-09-23 19:35;7945.0;7706.03;SPXW  260923P07945000;227.7;248.2
2026-09-23 19:35;7950.0;7706.03;SPXW  260923P07950000;233.4;253.9
2026-09-23 19:35;7955.0;7706.03;SPXW  260923P07955000;238.2;258.7
2026-09-23 19:39;7460.0;7706.03;SPXW  260923C07460000;236.1;256.6
2026-09-23 19:39;7465.0;7706.03;SPXW  260923C07465000;231.8;252.3
2026-09-23 19:39;7470.0;7706.03;SPXW  260923C07470000;226.8;247.3
2026-09-23 19:39;7475.0;7706.03;SPXW  260923C07475000;221.3;241.8
2026-09-23 19:39;7480.0;7706.03;SPXW  260923C07480000;216.8;237.3
2026-09-23 19:39;7485.0;7706.03;SPXW  260923C07485000;211.3;231.8
2026-09-23 19:39;7490.0;7706.03;SPXW  260923C07490000;210.2;223.9
2026-09-23 19:39;7495.0;7706.03;SPXW  260923C07495000;205.2;218.9
2026-09-23 19:39;7500.0;7706.03;SPXW  260923C07500000;200.2;213.9
2026-09-23 19:39;7505.0;7706.03;SPXW  260923C07505000;195.2;208.9
2026-09-23 19:39;7510.0;7706.03;SPXW  260923C07510000;190.2;203.9
2026-09-23 19:39;7515.0;7706.03;SPXW  260923C07515000;188.8;191.7
2026-09-23 19:39;7520.0;7706.03;SPXW  260923C07520000;184.7;186.7
2026-09-23 19:39;7525.0;7706.03;SPXW  260923C07525000;179.7;186.2
2026-09-23 19:39;7530.0;7706.03;SPXW  260923C07530000;174.7;176.7
2026-09-23 19:39;7535.0;7706.03;SPXW  260923C07535000;169.7;171.7
2026-09-23 19:39;7540.0;7706.03;SPXW  260923C07540000;164.7;171.5
2026-09-23 19:39;7545.0;7706.03;SPXW  260923C07545000;159.7;161.7
2026-09-23 19:39;7550.0;7706.03;SPXW  260923C07550000;154.7;156.7
2026-09-23 19:39;7555.0;7706.03;SPXW  260923C07555000;149.7;151.7
2026-09-23 19:39;7560.0;7706.03;SPXW  260923C07560000;144.7;146.7
2026-09-23 19:39;7565.0;7706.03;SPXW  260923C07565000;139.7;147.0
2026-09-23 19:39;7570.0;7706.03;SPXW  260923C07570000;134.7;136.7
2026-09-23 19:39;7575.0;7706.03;SPXW  260923C07575000;129.7;131.7
2026-09-23 19:39;7580.0;7706.03;SPXW  260923C07580000;123.8;126.7
2026-09-23 19:39;7585.0;7706.03;SPXW  260923C07585000;118.8;121.6
2026-09-23 19:39;7590.0;7706.03;SPXW  260923C07590000;114.7;122.2
2026-09-23 19:39;7595.0;7706.03;SPXW  260923C07595000;109.7;111.7
2026-09-23 19:39;7600.0;7706.03;SPXW  260923C07600000;104.7;106.7
2026-09-23 19:39;7605.0;7706.03;SPXW  260923C07605000;98.8;101.7
2026-09-23 19:39;7610.0;7706.03;SPXW  260923C07610000;94.7;96.7
2026-09-23 19:39;7615.0;7706.03;SPXW  260923C07615000;89.7;91.7
2026-09-23 19:39;7620.0;7706.03;SPXW  260923C07620000;84.7;86.7
2026-09-23 19:39;7625.0;7706.03;SPXW  260923C07625000;79.7;81.7
2026-09-23 19:39;7630.0;7706.03;SPXW  260923C07630000;74.7;76.7
2026-09-23 19:39;7635.0;7706.03;SPXW  260923C07635000;69.7;77.1
2026-09-23 19:39;7640.0;7706.03;SPXW  260923C07640000;64.7;66.7
2026-09-23 19:39;7645.0;7706.03;SPXW  260923C07645000;58.8;61.7
2026-09-23 19:39;7650.0;7706.03;SPXW  260923C07650000;54.7;56.7
2026-09-23 19:39;7655.0;7706.03;SPXW  260923C07655000;49.7;51.7
2026-09-23 19:39;7660.0;7706.03;SPXW  260923C07660000;44.7;46.7
2026-09-23 19:39;7665.0;7706.03;SPXW  260923C07665000;39.7;41.7
2026-09-23 19:39;7670.0;7706.03;SPXW  260923C07670000;34.7;36.7
2026-09-23 19:39;7675.0;7706.03;SPXW  260923C07675000;29.7;31.7
2026-09-23 19:39;7680.0;7706.03;SPXW  260923C07680000;24.7;26.6
2026-09-23 19:39;7685.0;7706.03;SPXW  260923C07685000;19.7;21.6
2026-09-23 19:39;7690.0;7706.03;SPXW  260923C07690000;14.7;16.7
2026-09-23 19:39;7695.0;7706.03;SPXW  260923C07695000;9.7;11.7
2026-09-23 19:39;7700.0;7706.03;SPXW  260923C07700000;4.7;5.7
2026-09-23 19:39;7705.0;7706.03;SPXW  260923C07705000;0.65;1.0
2026-09-23 19:39;7710.0;7706.03;SPXW  260923C07710000;0.0;0.05
2026-09-23 19:39;7715.0;7706.03;SPXW  260923C07715000;0.0;0.05
2026-09-23 19:39;7720.0;7706.03;SPXW  260923C07720000;0.0;0.05
2026-09-23 19:39;7725.0;7706.03;SPXW  260923C07725000;0.0;0.05
2026-09-23 19:39;7730.0;7706.03;SPXW  260923C07730000;0.0;0.05
2026-09-23 19:39;7735.0;7706.03;SPXW  260923C07735000;0.0;0.05
2026-09-23 19:39;7740.0;7706.03;SPXW  260923C07740000;0.0;0.05
2026-09-23 19:39;7745.0;7706.03;SPXW  260923C07745000;0.0;0.05
2026-09-23 19:39;7750.0;7706.03;SPXW  260923C07750000;0.0;0.05
2026-09-23 19:39;7755.0;7706.03;SPXW  260923C07755000;0.0;0.05
2026-09-23 19:39;7760.0;7706.03;SPXW  260923C07760000;0.0;0.05
2026-09-23 19:39;7765.0;7706.03;SPXW  260923C07765000;0.0;0.05
2026-09-23 19:39;7770.0;7706.03;SPXW  260923C07770000;0.0;0.05
2026-09-23 19:39;7775.0;7706.03;SPXW  260923C07775000;0.0;0.05
2026-09-23 19:39;7780.0;7706.03;SPXW  260923C07780000;0.0;0.05
2026-09-23 19:39;7785.0;7706.03;SPXW  260923C07785000;0.0;0.05
2026-09-23 19:39;7790.0;7706.03;SPXW  260923C07790000;0.0;0.05
2026-09-23 19:39;7795.0;7706.03;SPXW  260923C07795000;0.0;0.05
2026-09-23 19:39;7800.0;7706.03;SPXW  260923C07800000;0.0;0.05
2026-09-23 19:39;7805.0;7706.03;SPXW  260923C07805000;0.0;0.05
2026-09-23 19:39;7810.0;7706.03;SPXW  260923C07810000;0.0;0.05
2026-09-23 19:39;7815.0;7706.03;SPXW  260923C07815000;0.0;0.05
2026-09-23 19:39;7820.0;7706.03;SPXW  260923C07820000;0.0;0.05
2026-09-23 19:39;7825.0;7706.03;SPXW  260923C07825000;0.0;0.05
2026-09-23 19:39;7830.0;7706.03;SPXW  260923C07830000;0.0;0.05
2026-09-23 19:39;7835.0;7706.03;SPXW  260923C07835000;0.0;0.05
2026-09-23 19:39;7840.0;7706.03;SPXW  260923C07840000;0.0;0.05
2026-09-23 19:39;7845.0;7706.03;SPXW  260923C07845000;0.0;0.05
2026-09-23 19:39;7850.0;7706.03;SPXW  260923C07850000;0.0;0.05
2026-09-23 19:39;7855.0;7706.03;SPXW  260923C07855000;0.0;0.05
2026-09-23 19:39;7860.0;7706.03;SPXW  260923C07860000;0.0;0.05
2026-09-23 19:39;7865.0;7706.03;SPXW  260923C07865000;0.0;0.05
2026-09-23 19:39;7870.0;7706.03;SPXW  260923C07870000;0.0;0.05
2026-09-23 19:39;7875.0;7706.03;SPXW  260923C07875000;0.0;0.05
2026-09-23 19:39;7880.0;7706.03;SPXW  260923C07880000;0.0;0.05
2026-09-23 19:39;7885.0;7706.03;SPXW  260923C07885000;0.0;0.05
2026-09-23 19:39;7890.0;7706.03;SPXW  260923C07890000;0.0;0.05
2026-09-23 19:39;7895.0;7706.03;SPXW  260923C07895000;0.0;0.05
2026-09-23 19:39;7900.0;7706.03;SPXW  260923C07900000;0.0;0.05
2026-09-23 19:39;7905.0;7706.03;SPXW  260923C07905000;0.0;0.05
2026-09-23 19:39;7910.0;7706.03;SPXW  260923C07910000;0.0;0.05
2026-09-23 19:39;7915.0;7706.03;SPXW  260923C07915000;0.0;0.05
2026-09-23 19:39;7920.0;7706.03;SPXW  260923C07920000;0.0;0.05
2026-09-23 19:39;7925.0;7706.03;SPXW  260923C07925000;0.0;0.05
2026-09-23 19:39;7930.0;7706.03;SPXW  260923C07930000;0.0;0.05
2026-09-23 19:39;7935.0;7706.03;SPXW  260923C07935000;0.0;0.05
2026-09-23 19:39;7940.0;7706.03;SPXW  260923C07940000;0.0;0.05
2026-09-23 19:39;7945.0;7706.03;SPXW  260923C07945000;0.0;0.05
2026-09-23 19:39;7950.0;7706.03;SPXW  260923C07950000;0.0;0.05
2026-09-23 19:39;7955.0;7706.03;SPXW  260923C07955000;0.0;0.05
2026-09-23 19:39;7460.0;7706.03;SPXW  260923P07460000;0.0;0.05
2026-09-23 19:39;7465.0;7706.03;SPXW  260923P07465000;0.0;0.05
2026-09-23 19:39;7470.0;7706.03;SPXW  260923P07470000;0.0;0.05
2026-09-23 19:39;7475.0;7706.03;SPXW  260923P07475000;0.0;0.05
2026-09-23 19:39;7480.0;7706.03;SPXW  260923P07480000;0.0;0.05
2026-09-23 19:39;7485.0;7706.03;SPXW  260923P07485000;0.0;0.05
2026-09-23 19:39;7490.0;7706.03;SPXW  260923P07490000;0.0;0.05
2026-09-23 19:39;7495.0;7706.03;SPXW  260923P07495000;0.0;0.05
2026-09-23 19:39;7500.0;7706.03;SPXW  260923P07500000;0.0;0.05
2026-09-23 19:39;7505.0;7706.03;SPXW  260923P07505000;0.0;0.05
2026-09-23 19:39;7510.0;7706.03;SPXW  260923P07510000;0.0;0.05
2026-09-23 19:39;7515.0;7706.03;SPXW  260923P07515000;0.0;0.05
2026-09-23 19:39;7520.0;7706.03;SPXW  260923P07520000;0.0;0.05
2026-09-23 19:39;7525.0;7706.03;SPXW  260923P07525000;0.0;0.05
2026-09-23 19:39;7530.0;7706.03;SPXW  260923P07530000;0.0;0.05
2026-09-23 19:39;7535.0;7706.03;SPXW  260923P07535000;0.0;0.05
2026-09-23 19:39;7540.0;7706.03;SPXW  260923P07540000;0.0;0.05
2026-09-23 19:39;7545.0;7706.03;SPXW  260923P07545000;0.0;0.05
2026-09-23 19:39;7550.0;7706.03;SPXW  260923P07550000;0.0;0.05
2026-09-23 19:39;7555.0;7706.03;SPXW  260923P07555000;0.0;0.05
2026-09-23 19:39;7560.0;7706.03;SPXW  260923P07560000;0.0;0.05
2026-09-23 19:39;7565.0;7706.03;SPXW  260923P07565000;0.0;0.05
2026-09-23 19:39;7570.0;7706.03;SPXW  260923P07570000;0.0;0.05
2026-09-23 19:39;7575.0;7706.03;SPXW  260923P07575000;0.0;0.05
2026-09-23 19:39;7580.0;7706.03;SPXW  260923P07580000;0.0;0.05
2026-09-23 19:39;7585.0;7706.03;SPXW  260923P07585000;0.0;0.05
2026-09-23 19:39;7590.0;7706.03;SPXW  260923P07590000;0.0;0.05
2026-09-23 19:39;7595.0;7706.03;SPXW  260923P07595000;0.0;0.05
2026-09-23 19:39;7600.0;7706.03;SPXW  260923P07600000;0.0;0.05
2026-09-23 19:39;7605.0;7706.03;SPXW  260923P07605000;0.0;0.05
2026-09-23 19:39;7610.0;7706.03;SPXW  260923P07610000;0.0;0.05
2026-09-23 19:39;7615.0;7706.03;SPXW  260923P07615000;0.0;0.05
2026-09-23 19:39;7620.0;7706.03;SPXW  260923P07620000;0.0;0.05
2026-09-23 19:39;7625.0;7706.03;SPXW  260923P07625000;0.0;0.05
2026-09-23 19:39;7630.0;7706.03;SPXW  260923P07630000;0.0;0.05
2026-09-23 19:39;7635.0;7706.03;SPXW  260923P07635000;0.0;0.05
2026-09-23 19:39;7640.0;7706.03;SPXW  260923P07640000;0.0;0.05
2026-09-23 19:39;7645.0;7706.03;SPXW  260923P07645000;0.0;0.05
2026-09-23 19:39;7650.0;7706.03;SPXW  260923P07650000;0.0;0.05
2026-09-23 19:39;7655.0;7706.03;SPXW  260923P07655000;0.0;0.05
2026-09-23 19:39;7660.0;7706.03;SPXW  260923P07660000;0.0;0.05
2026-09-23 19:39;7665.0;7706.03;SPXW  260923P07665000;0.0;0.05
2026-09-23 19:39;7670.0;7706.03;SPXW  260923P07670000;0.0;0.05
2026-09-23 19:39;7675.0;7706.03;SPXW  260923P07675000;0.0;0.05
2026-09-23 19:39;7680.0;7706.03;SPXW  260923P07680000;0.0;0.05
2026-09-23 19:39;7685.0;7706.03;SPXW  260923P07685000;0.0;0.05
2026-09-23 19:39;7690.0;7706.03;SPXW  260923P07690000;0.0;0.05
2026-09-23 19:39;7695.0;7706.03;SPXW  260923P07695000;0.0;0.05
2026-09-23 19:39;7700.0;7706.03;SPXW  260923P07700000;0.0;0.05
2026-09-23 19:39;7705.0;7706.03;SPXW  260923P07705000;0.45;0.6
2026-09-23 19:39;7710.0;7706.03;SPXW  260923P07710000;3.4;4.9
2026-09-23 19:39;7715.0;7706.03;SPXW  260923P07715000;8.4;10.7
2026-09-23 19:39;7720.0;7706.03;SPXW  260923P07720000;13.5;16.1
2026-09-23 19:39;7725.0;7706.03;SPXW  260923P07725000;18.4;20.3
2026-09-23 19:39;7730.0;7706.03;SPXW  260923P07730000;23.3;25.3
2026-09-23 19:39;7735.0;7706.03;SPXW  260923P07735000;28.3;30.3
2026-09-23 19:39;7740.0;7706.03;SPXW  260923P07740000;33.3;36.2
2026-09-23 19:39;7745.0;7706.03;SPXW  260923P07745000;38.4;40.3
2026-09-23 19:39;7750.0;7706.03;SPXW  260923P07750000;43.3;45.3
2026-09-23 19:39;7755.0;7706.03;SPXW  260923P07755000;48.4;50.3
2026-09-23 19:39;7760.0;7706.03;SPXW  260923P07760000;49.0;55.3
2026-09-23 19:39;7765.0;7706.03;SPXW  260923P07765000;58.4;61.2
2026-09-23 19:39;7770.0;7706.03;SPXW  260923P07770000;63.4;65.3
2026-09-23 19:39;7775.0;7706.03;SPXW  260923P07775000;64.2;70.3
2026-09-23 19:39;7780.0;7706.03;SPXW  260923P07780000;73.3;75.3
2026-09-23 19:39;7785.0;7706.03;SPXW  260923P07785000;78.3;80.3
2026-09-23 19:39;7790.0;7706.03;SPXW  260923P07790000;83.3;86.2
2026-09-23 19:39;7795.0;7706.03;SPXW  260923P07795000;88.3;90.3
2026-09-23 19:39;7800.0;7706.03;SPXW  260923P07800000;93.3;95.3
2026-09-23 19:39;7805.0;7706.03;SPXW  260923P07805000;98.3;101.2
2026-09-23 19:39;7810.0;7706.03;SPXW  260923P07810000;103.3;105.3
2026-09-23 19:39;7815.0;7706.03;SPXW  260923P07815000;108.4;110.3
2026-09-23 19:39;7820.0;7706.03;SPXW  260923P07820000;113.3;115.3
2026-09-23 19:39;7825.0;7706.03;SPXW  260923P07825000;118.4;120.3
2026-09-23 19:39;7830.0;7706.03;SPXW  260923P07830000;123.3;125.3
2026-09-23 19:39;7835.0;7706.03;SPXW  260923P07835000;128.3;130.3
2026-09-23 19:39;7840.0;7706.03;SPXW  260923P07840000;133.4;135.3
2026-09-23 19:39;7845.0;7706.03;SPXW  260923P07845000;138.4;140.3
2026-09-23 19:39;7850.0;7706.03;SPXW  260923P07850000;143.3;145.3
2026-09-23 19:39;7855.0;7706.03;SPXW  260923P07855000;148.3;150.3
2026-09-23 19:39;7860.0;7706.03;SPXW  260923P07860000;153.3;155.3
2026-09-23 19:39;7865.0;7706.03;SPXW  260923P07865000;151.9;160.3
2026-09-23 19:39;7870.0;7706.03;SPXW  260923P07870000;163.4;165.3
2026-09-23 19:39;7875.0;7706.03;SPXW  260923P07875000;161.7;170.3
2026-09-23 19:39;7880.0;7706.03;SPXW  260923P07880000;167.8;175.3
2026-09-23 19:39;7885.0;7706.03;SPXW  260923P07885000;171.5;180.3
2026-09-23 19:39;7890.0;7706.03;SPXW  260923P07890000;176.4;185.3
2026-09-23 19:39;7895.0;7706.03;SPXW  260923P07895000;182.8;190.3
2026-09-23 19:39;7900.0;7706.03;SPXW  260923P07900000;186.2;195.3
2026-09-23 19:39;7905.0;7706.03;SPXW  260923P07905000;191.1;200.3
2026-09-23 19:39;7910.0;7706.03;SPXW  260923P07910000;196.1;209.8
2026-09-23 19:39;7915.0;7706.03;SPXW  260923P07915000;201.1;214.8
2026-09-23 19:39;7920.0;7706.03;SPXW  260923P07920000;207.6;221.3
2026-09-23 19:39;7925.0;7706.03;SPXW  260923P07925000;208.4;228.9
2026-09-23 19:39;7930.0;7706.03;SPXW  260923P07930000;212.7;233.2
2026-09-23 19:39;7935.0;7706.03;SPXW  260923P07935000;218.2;238.7
2026-09-23 19:39;7940.0;7706.03;SPXW  260923P07940000;222.7;243.2
2026-09-23 19:39;7945.0;7706.03;SPXW  260923P07945000;227.7;248.2
2026-09-23 19:39;7950.0;7706.03;SPXW  260923P07950000;233.4;253.9
2026-09-23 19:39;7955.0;7706.03;SPXW  260923P07955000;238.2;258.7
2026-09-23 19:44;7460.0;7706.03;SPXW  260923C07460000;236.1;256.6
2026-09-23 19:44;7465.0;7706.03;SPXW  260923C07465000;231.8;252.3
2026-09-23 19:44;7470.0;7706.03;SPXW  260923C07470000;226.8;247.3
2026-09-23 19:44;7475.0;7706.03;SPXW  260923C07475000;221.3;241.8
2026-09-23 19:44;7480.0;7706.03;SPXW  260923C07480000;216.8;237.3
2026-09-23 19:44;7485.0;7706.03;SPXW  260923C07485000;211.3;231.8
2026-09-23 19:44;7490.0;7706.03;SPXW  260923C07490000;210.2;223.9
2026-09-23 19:44;7495.0;7706.03;SPXW  260923C07495000;205.2;218.9
2026-09-23 19:44;7500.0;7706.03;SPXW  260923C07500000;200.2;213.9
2026-09-23 19:44;7505.0;7706.03;SPXW  260923C07505000;195.2;208.9
2026-09-23 19:44;7510.0;7706.03;SPXW  260923C07510000;190.2;203.9
2026-09-23 19:44;7515.0;7706.03;SPXW  260923C07515000;188.8;191.7
2026-09-23 19:44;7520.0;7706.03;SPXW  260923C07520000;184.7;186.7
2026-09-23 19:44;7525.0;7706.03;SPXW  260923C07525000;179.7;186.2
2026-09-23 19:44;7530.0;7706.03;SPXW  260923C07530000;174.7;176.7
2026-09-23 19:44;7535.0;7706.03;SPXW  260923C07535000;169.7;171.7
2026-09-23 19:44;7540.0;7706.03;SPXW  260923C07540000;164.7;171.5
2026-09-23 19:44;7545.0;7706.03;SPXW  260923C07545000;159.7;161.7
2026-09-23 19:44;7550.0;7706.03;SPXW  260923C07550000;154.7;156.7
2026-09-23 19:44;7555.0;7706.03;SPXW  260923C07555000;149.7;151.7
2026-09-23 19:44;7560.0;7706.03;SPXW  260923C07560000;144.7;146.7
2026-09-23 19:44;7565.0;7706.03;SPXW  260923C07565000;139.7;147.0
2026-09-23 19:44;7570.0;7706.03;SPXW  260923C07570000;134.7;136.7
2026-09-23 19:44;7575.0;7706.03;SPXW  260923C07575000;129.7;131.7
2026-09-23 19:44;7580.0;7706.03;SPXW  260923C07580000;123.8;126.7
2026-09-23 19:44;7585.0;7706.03;SPXW  260923C07585000;118.8;121.6
2026-09-23 19:44;7590.0;7706.03;SPXW  260923C07590000;114.7;122.2
2026-09-23 19:44;7595.0;7706.03;SPXW  260923C07595000;109.7;111.7
2026-09-23 19:44;7600.0;7706.03;SPXW  260923C07600000;104.7;106.7
2026-09-23 19:44;7605.0;7706.03;SPXW  260923C07605000;98.8;101.7
2026-09-23 19:44;7610.0;7706.03;SPXW  260923C07610000;94.7;96.7
2026-09-23 19:44;7615.0;7706.03;SPXW  260923C07615000;89.7;91.7
2026-09-23 19:44;7620.0;7706.03;SPXW  260923C07620000;84.7;86.7
2026-09-23 19:44;7625.0;7706.03;SPXW  260923C07625000;79.7;81.7
2026-09-23 19:44;7630.0;7706.03;SPXW  260923C07630000;74.7;76.7
2026-09-23 19:44;7635.0;7706.03;SPXW  260923C07635000;69.7;77.1
2026-09-23 19:44;7640.0;7706.03;SPXW  260923C07640000;64.7;66.7
2026-09-23 19:44;7645.0;7706.03;SPXW  260923C07645000;58.8;61.7
2026-09-23 19:44;7650.0;7706.03;SPXW  260923C07650000;54.7;56.7
2026-09-23 19:44;7655.0;7706.03;SPXW  260923C07655000;49.7;51.7
2026-09-23 19:44;7660.0;7706.03;SPXW  260923C07660000;44.7;46.7
2026-09-23 19:44;7665.0;7706.03;SPXW  260923C07665000;39.7;41.7
2026-09-23 19:44;7670.0;7706.03;SPXW  260923C07670000;34.7;36.7
2026-09-23 19:44;7675.0;7706.03;SPXW  260923C07675000;29.7;31.7
2026-09-23 19:44;7680.0;7706.03;SPXW  260923C07680000;24.7;26.6
2026-09-23 19:44;7685.0;7706.03;SPXW  260923C07685000;19.7;21.6
2026-09-23 19:44;7690.0;7706.03;SPXW  260923C07690000;14.7;16.7
2026-09-23 19:44;7695.0;7706.03;SPXW  260923C07695000;9.7;11.7
2026-09-23 19:44;7700.0;7706.03;SPXW  260923C07700000;4.7;5.7
2026-09-23 19:44;7705.0;7706.03;SPXW  260923C07705000;0.65;1.0
2026-09-23 19:44;7710.0;7706.03;SPXW  260923C07710000;0.0;0.05
2026-09-23 19:44;7715.0;7706.03;SPXW  260923C07715000;0.0;0.05
2026-09-23 19:44;7720.0;7706.03;SPXW  260923C07720000;0.0;0.05
2026-09-23 19:44;7725.0;7706.03;SPXW  260923C07725000;0.0;0.05
2026-09-23 19:44;7730.0;7706.03;SPXW  260923C07730000;0.0;0.05
2026-09-23 19:44;7735.0;7706.03;SPXW  260923C07735000;0.0;0.05
2026-09-23 19:44;7740.0;7706.03;SPXW  260923C07740000;0.0;0.05
2026-09-23 19:44;7745.0;7706.03;SPXW  260923C07745000;0.0;0.05
2026-09-23 19:44;7750.0;7706.03;SPXW  260923C07750000;0.0;0.05
2026-09-23 19:44;7755.0;7706.03;SPXW  260923C07755000;0.0;0.05
2026-09-23 19:44;7760.0;7706.03;SPXW  260923C07760000;0.0;0.05
2026-09-23 19:44;7765.0;7706.03;SPXW  260923C07765000;0.0;0.05
2026-09-23 19:44;7770.0;7706.03;SPXW  260923C07770000;0.0;0.05
2026-09-23 19:44;7775.0;7706.03;SPXW  260923C07775000;0.0;0.05
2026-09-23 19:44;7780.0;7706.03;SPXW  260923C07780000;0.0;0.05
2026-09-23 19:44;7785.0;7706.03;SPXW  260923C07785000;0.0;0.05
2026-09-23 19:44;7790.0;7706.03;SPXW  260923C07790000;0.0;0.05
2026-09-23 19:44;7795.0;7706.03;SPXW  260923C07795000;0.0;0.05
2026-09-23 19:44;7800.0;7706.03;SPXW  260923C07800000;0.0;0.05
2026-09-23 19:44;7805.0;7706.03;SPXW  260923C07805000;0.0;0.05
2026-09-23 19:44;7810.0;7706.03;SPXW  260923C07810000;0.0;0.05
2026-09-23 19:44;7815.0;7706.03;SPXW  260923C07815000;0.0;0.05
2026-09-23 19:44;7820.0;7706.03;SPXW  260923C07820000;0.0;0.05
2026-09-23 19:44;7825.0;7706.03;SPXW  260923C07825000;0.0;0.05
2026-09-23 19:44;7830.0;7706.03;SPXW  260923C07830000;0.0;0.05
2026-09-23 19:44;7835.0;7706.03;SPXW  260923C07835000;0.0;0.05
2026-09-23 19:44;7840.0;7706.03;SPXW  260923C07840000;0.0;0.05
2026-09-23 19:44;7845.0;7706.03;SPXW  260923C07845000;0.0;0.05
2026-09-23 19:44;7850.0;7706.03;SPXW  260923C07850000;0.0;0.05
2026-09-23 19:44;7855.0;7706.03;SPXW  260923C07855000;0.0;0.05
2026-09-23 19:44;7860.0;7706.03;SPXW  260923C07860000;0.0;0.05
2026-09-23 19:44;7865.0;7706.03;SPXW  260923C07865000;0.0;0.05
2026-09-23 19:44;7870.0;7706.03;SPXW  260923C07870000;0.0;0.05
2026-09-23 19:44;7875.0;7706.03;SPXW  260923C07875000;0.0;0.05
2026-09-23 19:44;7880.0;7706.03;SPXW  260923C07880000;0.0;0.05
2026-09-23 19:44;7885.0;7706.03;SPXW  260923C07885000;0.0;0.05
2026-09-23 19:44;7890.0;7706.03;SPXW  260923C07890000;0.0;0.05
2026-09-23 19:44;7895.0;7706.03;SPXW  260923C07895000;0.0;0.05
2026-09-23 19:44;7900.0;7706.03;SPXW  260923C07900000;0.0;0.05
2026-09-23 19:44;7905.0;7706.03;SPXW  260923C07905000;0.0;0.05
2026-09-23 19:44;7910.0;7706.03;SPXW  260923C07910000;0.0;0.05
2026-09-23 19:44;7915.0;7706.03;SPXW  260923C07915000;0.0;0.05
2026-09-23 19:44;7920.0;7706.03;SPXW  260923C07920000;0.0;0.05
2026-09-23 19:44;7925.0;7706.03;SPXW  260923C07925000;0.0;0.05
2026-09-23 19:44;7930.0;7706.03;SPXW  260923C07930000;0.0;0.05
2026-09-23 19:44;7935.0;7706.03;SPXW  260923C07935000;0.0;0.05
2026-09-23 19:44;7940.0;7706.03;SPXW  260923C07940000;0.0;0.05
2026-09-23 19:44;7945.0;7706.03;SPXW  260923C07945000;0.0;0.05
2026-09-23 19:44;7950.0;7706.03;SPXW  260923C07950000;0.0;0.05
2026-09-23 19:44;7955.0;7706.03;SPXW  260923C07955000;0.0;0.05
2026-09-23 19:44;7460.0;7706.03;SPXW  260923P07460000;0.0;0.05
2026-09-23 19:44;7465.0;7706.03;SPXW  260923P07465000;0.0;0.05
2026-09-23 19:44;7470.0;7706.03;SPXW  260923P07470000;0.0;0.05
2026-09-23 19:44;7475.0;7706.03;SPXW  260923P07475000;0.0;0.05
2026-09-23 19:44;7480.0;7706.03;SPXW  260923P07480000;0.0;0.05
2026-09-23 19:44;7485.0;7706.03;SPXW  260923P07485000;0.0;0.05
2026-09-23 19:44;7490.0;7706.03;SPXW  260923P07490000;0.0;0.05
2026-09-23 19:44;7495.0;7706.03;SPXW  260923P07495000;0.0;0.05
2026-09-23 19:44;7500.0;7706.03;SPXW  260923P07500000;0.0;0.05
2026-09-23 19:44;7505.0;7706.03;SPXW  260923P07505000;0.0;0.05
2026-09-23 19:44;7510.0;7706.03;SPXW  260923P07510000;0.0;0.05
2026-09-23 19:44;7515.0;7706.03;SPXW  260923P07515000;0.0;0.05
2026-09-23 19:44;7520.0;7706.03;SPXW  260923P07520000;0.0;0.05
2026-09-23 19:44;7525.0;7706.03;SPXW  260923P07525000;0.0;0.05
2026-09-23 19:44;7530.0;7706.03;SPXW  260923P07530000;0.0;0.05
2026-09-23 19:44;7535.0;7706.03;SPXW  260923P07535000;0.0;0.05
2026-09-23 19:44;7540.0;7706.03;SPXW  260923P07540000;0.0;0.05
2026-09-23 19:44;7545.0;7706.03;SPXW  260923P07545000;0.0;0.05
2026-09-23 19:44;7550.0;7706.03;SPXW  260923P07550000;0.0;0.05
2026-09-23 19:44;7555.0;7706.03;SPXW  260923P07555000;0.0;0.05
2026-09-23 19:44;7560.0;7706.03;SPXW  260923P07560000;0.0;0.05
2026-09-23 19:44;7565.0;7706.03;SPXW  260923P07565000;0.0;0.05
2026-09-23 19:44;7570.0;7706.03;SPXW  260923P07570000;0.0;0.05
2026-09-23 19:44;7575.0;7706.03;SPXW  260923P07575000;0.0;0.05
2026-09-23 19:44;7580.0;7706.03;SPXW  260923P07580000;0.0;0.05
2026-09-23 19:44;7585.0;7706.03;SPXW  260923P07585000;0.0;0.05
2026-09-23 19:44;7590.0;7706.03;SPXW  260923P07590000;0.0;0.05
2026-09-23 19:44;7595.0;7706.03;SPXW  260923P07595000;0.0;0.05
2026-09-23 19:44;7600.0;7706.03;SPXW  260923P07600000;0.0;0.05
2026-09-23 19:44;7605.0;7706.03;SPXW  260923P07605000;0.0;0.05
2026-09-23 19:44;7610.0;7706.03;SPXW  260923P07610000;0.0;0.05
2026-09-23 19:44;7615.0;7706.03;SPXW  260923P07615000;0.0;0.05
2026-09-23 19:44;7620.0;7706.03;SPXW  260923P07620000;0.0;0.05
2026-09-23 19:44;7625.0;7706.03;SPXW  260923P07625000;0.0;0.05
2026-09-23 19:44;7630.0;7706.03;SPXW  260923P07630000;0.0;0.05
2026-09-23 19:44;7635.0;7706.03;SPXW  260923P07635000;0.0;0.05
2026-09-23 19:44;7640.0;7706.03;SPXW  260923P07640000;0.0;0.05
2026-09-23 19:44;7645.0;7706.03;SPXW  260923P07645000;0.0;0.05
2026-09-23 19:44;7650.0;7706.03;SPXW  260923P07650000;0.0;0.05
2026-09-23 19:44;7655.0;7706.03;SPXW  260923P07655000;0.0;0.05
2026-09-23 19:44;7660.0;7706.03;SPXW  260923P07660000;0.0;0.05
2026-09-23 19:44;7665.0;7706.03;SPXW  260923P07665000;0.0;0.05
2026-09-23 19:44;7670.0;7706.03;SPXW  260923P07670000;0.0;0.05
2026-09-23 19:44;7675.0;7706.03;SPXW  260923P07675000;0.0;0.05
2026-09-23 19:44;7680.0;7706.03;SPXW  260923P07680000;0.0;0.05
2026-09-23 19:44;7685.0;7706.03;SPXW  260923P07685000;0.0;0.05
2026-09-23 19:44;7690.0;7706.03;SPXW  260923P07690000;0.0;0.05
2026-09-23 19:44;7695.0;7706.03;SPXW  260923P07695000;0.0;0.05
2026-09-23 19:44;7700.0;7706.03;SPXW  260923P07700000;0.0;0.05
2026-09-23 19:44;7705.0;7706.03;SPXW  260923P07705000;0.45;0.6
2026-09-23 19:44;7710.0;7706.03;SPXW  260923P07710000;3.4;4.9
2026-09-23 19:44;7715.0;7706.03;SPXW  260923P07715000;8.4;10.7
2026-09-23 19:44;7720.0;7706.03;SPXW  260923P07720000;13.5;16.1
2026-09-23 19:44;7725.0;7706.03;SPXW  260923P07725000;18.4;20.3
2026-09-23 19:44;7730.0;7706.03;SPXW  260923P07730000;23.3;25.3
2026-09-23 19:44;7735.0;7706.03;SPXW  260923P07735000;28.3;30.3
2026-09-23 19:44;7740.0;7706.03;SPXW  260923P07740000;33.3;36.2
2026-09-23 19:44;7745.0;7706.03;SPXW  260923P07745000;38.4;40.3
2026-09-23 19:44;7750.0;7706.03;SPXW  260923P07750000;43.3;45.3
2026-09-23 19:44;7755.0;7706.03;SPXW  260923P07755000;48.4;50.3
2026-09-23 19:44;7760.0;7706.03;SPXW  260923P07760000;49.0;55.3
2026-09-23 19:44;7765.0;7706.03;SPXW  260923P07765000;58.4;61.2
2026-09-23 19:44;7770.0;7706.03;SPXW  260923P07770000;63.4;65.3
2026-09-23 19:44;7775.0;7706.03;SPXW  260923P07775000;64.2;70.3
2026-09-23 19:44;7780.0;7706.03;SPXW  260923P07780000;73.3;75.3
2026-09-23 19:44;7785.0;7706.03;SPXW  260923P07785000;78.3;80.3
2026-09-23 19:44;7790.0;7706.03;SPXW  260923P07790000;83.3;86.2
2026-09-23 19:44;7795.0;7706.03;SPXW  260923P07795000;88.3;90.3
2026-09-23 19:44;7800.0;7706.03;SPXW  260923P07800000;93.3;95.3
2026-09-23 19:44;7805.0;7706.03;SPXW  260923P07805000;98.3;101.2
2026-09-23 19:44;7810.0;7706.03;SPXW  260923P07810000;103.3;105.3
2026-09-23 19:44;7815.0;7706.03;SPXW  260923P07815000;108.4;110.3
2026-09-23 19:44;7820.0;7706.03;SPXW  260923P07820000;113.3;115.3
2026-09-23 19:44;7825.0;7706.03;SPXW  260923P07825000;118.4;120.3
2026-09-23 19:44;7830.0;7706.03;SPXW  260923P07830000;123.3;125.3
2026-09-23 19:44;7835.0;7706.03;SPXW  260923P07835000;128.3;130.3
2026-09-23 19:44;7840.0;7706.03;SPXW  260923P07840000;133.4;135.3
2026-09-23 19:44;7845.0;7706.03;SPXW  260923P07845000;138.4;140.3
2026-09-23 19:44;7850.0;7706.03;SPXW  260923P07850000;143.3;145.3
2026-09-23 19:44;7855.0;7706.03;SPXW  260923P07855000;148.3;150.3
2026-09-23 19:44;7860.0;7706.03;SPXW  260923P07860000;153.3;155.3
2026-09-23 19:44;7865.0;7706.03;SPXW  260923P07865000;151.9;160.3
2026-09-23 19:44;7870.0;7706.03;SPXW  260923P07870000;163.4;165.3
2026-09-23 19:44;7875.0;7706.03;SPXW  260923P07875000;161.7;170.3
2026-09-23 19:44;7880.0;7706.03;SPXW  260923P07880000;167.8;175.3
2026-09-23 19:44;7885.0;7706.03;SPXW  260923P07885000;171.5;180.3
2026-09-23 19:44;7890.0;7706.03;SPXW  260923P07890000;176.4;185.3
2026-09-23 19:44;7895.0;7706.03;SPXW  260923P07895000;182.8;190.3
2026-09-23 19:44;7900.0;7706.03;SPXW  260923P07900000;186.2;195.3
2026-09-23 19:44;7905.0;7706.03;SPXW  260923P07905000;191.1;200.3
2026-09-23 19:44;7910.0;7706.03;SPXW  260923P07910000;196.1;209.8
2026-09-23 19:44;7915.0;7706.03;SPXW  260923P07915000;201.1;214.8
2026-09-23 19:44;7920.0;7706.03;SPXW  260923P07920000;207.6;221.3
2026-09-23 19:44;7925.0;7706.03;SPXW  260923P07925000;208.4;228.9
2026-09-23 19:44;7930.0;7706.03;SPXW  260923P07930000;212.7;233.2
2026-09-23 19:44;7935.0;7706.03;SPXW  260923P07935000;218.2;238.7
2026-09-23 19:44;7940.0;7706.03;SPXW  260923P07940000;222.7;243.2
2026-09-23 19:44;7945.0;7706.03;SPXW  260923P07945000;227.7;248.2
2026-09-23 19:44;7950.0;7706.03;SPXW  260923P07950000;233.4;253.9
2026-09-23 19:44;7955.0;7706.03;SPXW  260923P07955000;238.2;258.7
2026-09-23 19:48;7460.0;7706.03;SPXW  260923C07460000;236.1;256.6
2026-09-23 19:48;7465.0;7706.03;SPXW  260923C07465000;231.8;252.3
2026-09-23 19:48;7470.0;7706.03;SPXW  260923C07470000;226.8;247.3
2026-09-23 19:48;7475.0;7706.03;SPXW  260923C07475000;221.3;241.8
2026-09-23 19:48;7480.0;7706.03;SPXW  260923C07480000;216.8;237.3
2026-09-23 19:48;7485.0;7706.03;SPXW  260923C07485000;211.3;231.8
2026-09-23 19:48;7490.0;7706.03;SPXW  260923C07490000;210.2;223.9
2026-09-23 19:48;7495.0;7706.03;SPXW  260923C07495000;205.2;218.9
2026-09-23 19:48;7500.0;7706.03;SPXW  260923C07500000;200.2;213.9
2026-09-23 19:48;7505.0;7706.03;SPXW  260923C07505000;195.2;208.9
2026-09-23 19:48;7510.0;7706.03;SPXW  260923C07510000;190.2;203.9
2026-09-23 19:48;7515.0;7706.03;SPXW  260923C07515000;188.8;191.7
2026-09-23 19:48;7520.0;7706.03;SPXW  260923C07520000;184.7;186.7
2026-09-23 19:48;7525.0;7706.03;SPXW  260923C07525000;179.7;186.2
2026-09-23 19:48;7530.0;7706.03;SPXW  260923C07530000;174.7;176.7
2026-09-23 19:48;7535.0;7706.03;SPXW  260923C07535000;169.7;171.7
2026-09-23 19:48;7540.0;7706.03;SPXW  260923C07540000;164.7;171.5
2026-09-23 19:48;7545.0;7706.03;SPXW  260923C07545000;159.7;161.7
2026-09-23 19:48;7550.0;7706.03;SPXW  260923C07550000;154.7;156.7
2026-09-23 19:48;7555.0;7706.03;SPXW  260923C07555000;149.7;151.7
2026-09-23 19:48;7560.0;7706.03;SPXW  260923C07560000;144.7;146.7
2026-09-23 19:48;7565.0;7706.03;SPXW  260923C07565000;139.7;147.0
2026-09-23 19:48;7570.0;7706.03;SPXW  260923C07570000;134.7;136.7
2026-09-23 19:48;7575.0;7706.03;SPXW  260923C07575000;129.7;131.7
2026-09-23 19:48;7580.0;7706.03;SPXW  260923C07580000;123.8;126.7
2026-09-23 19:48;7585.0;7706.03;SPXW  260923C07585000;118.8;121.6
2026-09-23 19:48;7590.0;7706.03;SPXW  260923C07590000;114.7;122.2
2026-09-23 19:48;7595.0;7706.03;SPXW  260923C07595000;109.7;111.7
2026-09-23 19:48;7600.0;7706.03;SPXW  260923C07600000;104.7;106.7
2026-09-23 19:48;7605.0;7706.03;SPXW  260923C07605000;98.8;101.7
2026-09-23 19:48;7610.0;7706.03;SPXW  260923C07610000;94.7;96.7
2026-09-23 19:48;7615.0;7706.03;SPXW  260923C07615000;89.7;91.7
2026-09-23 19:48;7620.0;7706.03;SPXW  260923C07620000;84.7;86.7
2026-09-23 19:48;7625.0;7706.03;SPXW  260923C07625000;79.7;81.7
2026-09-23 19:48;7630.0;7706.03;SPXW  260923C07630000;74.7;76.7
2026-09-23 19:48;7635.0;7706.03;SPXW  260923C07635000;69.7;77.1
2026-09-23 19:48;7640.0;7706.03;SPXW  260923C07640000;64.7;66.7
2026-09-23 19:48;7645.0;7706.03;SPXW  260923C07645000;58.8;61.7
2026-09-23 19:48;7650.0;7706.03;SPXW  260923C07650000;54.7;56.7
2026-09-23 19:48;7655.0;7706.03;SPXW  260923C07655000;49.7;51.7
2026-09-23 19:48;7660.0;7706.03;SPXW  260923C07660000;44.7;46.7
2026-09-23 19:48;7665.0;7706.03;SPXW  260923C07665000;39.7;41.7
2026-09-23 19:48;7670.0;7706.03;SPXW  260923C07670000;34.7;36.7
2026-09-23 19:48;7675.0;7706.03;SPXW  260923C07675000;29.7;31.7
2026-09-23 19:48;7680.0;7706.03;SPXW  260923C07680000;24.7;26.6
2026-09-23 19:48;7685.0;7706.03;SPXW  260923C07685000;19.7;21.6
2026-09-23 19:48;7690.0;7706.03;SPXW  260923C07690000;14.7;16.7
2026-09-23 19:48;7695.0;7706.03;SPXW  260923C07695000;9.7;11.7
2026-09-23 19:48;7700.0;7706.03;SPXW  260923C07700000;4.7;5.7
2026-09-23 19:48;7705.0;7706.03;SPXW  260923C07705000;0.65;1.0
2026-09-23 19:48;7710.0;7706.03;SPXW  260923C07710000;0.0;0.05
2026-09-23 19:48;7715.0;7706.03;SPXW  260923C07715000;0.0;0.05
2026-09-23 19:48;7720.0;7706.03;SPXW  260923C07720000;0.0;0.05
2026-09-23 19:48;7725.0;7706.03;SPXW  260923C07725000;0.0;0.05
2026-09-23 19:48;7730.0;7706.03;SPXW  260923C07730000;0.0;0.05
2026-09-23 19:48;7735.0;7706.03;SPXW  260923C07735000;0.0;0.05
2026-09-23 19:48;7740.0;7706.03;SPXW  260923C07740000;0.0;0.05
2026-09-23 19:48;7745.0;7706.03;SPXW  260923C07745000;0.0;0.05
2026-09-23 19:48;7750.0;7706.03;SPXW  260923C07750000;0.0;0.05
2026-09-23 19:48;7755.0;7706.03;SPXW  260923C07755000;0.0;0.05
2026-09-23 19:48;7760.0;7706.03;SPXW  260923C07760000;0.0;0.05
2026-09-23 19:48;7765.0;7706.03;SPXW  260923C07765000;0.0;0.05
2026-09-23 19:48;7770.0;7706.03;SPXW  260923C07770000;0.0;0.05
2026-09-23 19:48;7775.0;7706.03;SPXW  260923C07775000;0.0;0.05
2026-09-23 19:48;7780.0;7706.03;SPXW  260923C07780000;0.0;0.05
2026-09-23 19:48;7785.0;7706.03;SPXW  260923C07785000;0.0;0.05
2026-09-23 19:48;7790.0;7706.03;SPXW  260923C07790000;0.0;0.05
2026-09-23 19:48;7795.0;7706.03;SPXW  260923C07795000;0.0;0.05
2026-09-23 19:48;7800.0;7706.03;SPXW  260923C07800000;0.0;0.05
2026-09-23 19:48;7805.0;7706.03;SPXW  260923C07805000;0.0;0.05
2026-09-23 19:48;7810.0;7706.03;SPXW  260923C07810000;0.0;0.05
2026-09-23 19:48;7815.0;7706.03;SPXW  260923C07815000;0.0;0.05
2026-09-23 19:48;7820.0;7706.03;SPXW  260923C07820000;0.0;0.05
2026-09-23 19:48;7825.0;7706.03;SPXW  260923C07825000;0.0;0.05
2026-09-23 19:48;7830.0;7706.03;SPXW  260923C07830000;0.0;0.05
2026-09-23 19:48;7835.0;7706.03;SPXW  260923C07835000;0.0;0.05
2026-09-23 19:48;7840.0;7706.03;SPXW  260923C07840000;0.0;0.05
2026-09-23 19:48;7845.0;7706.03;SPXW  260923C07845000;0.0;0.05
2026-09-23 19:48;7850.0;7706.03;SPXW  260923C07850000;0.0;0.05
2026-09-23 19:48;7855.0;7706.03;SPXW  260923C07855000;0.0;0.05
2026-09-23 19:48;7860.0;7706.03;SPXW  260923C07860000;0.0;0.05
2026-09-23 19:48;7865.0;7706.03;SPXW  260923C07865000;0.0;0.05
2026-09-23 19:48;7870.0;7706.03;SPXW  260923C07870000;0.0;0.05
2026-09-23 19:48;7875.0;7706.03;SPXW  260923C07875000;0.0;0.05
2026-09-23 19:48;7880.0;7706.03;SPXW  260923C07880000;0.0;0.05
2026-09-23 19:48;7885.0;7706.03;SPXW  260923C07885000;0.0;0.05
2026-09-23 19:48;7890.0;7706.03;SPXW  260923C07890000;0.0;0.05
2026-09-23 19:48;7895.0;7706.03;SPXW  260923C07895000;0.0;0.05
2026-09-23 19:48;7900.0;7706.03;SPXW  260923C07900000;0.0;0.05
2026-09-23 19:48;7905.0;7706.03;SPXW  260923C07905000;0.0;0.05
2026-09-23 19:48;7910.0;7706.03;SPXW  260923C07910000;0.0;0.05
2026-09-23 19:48;7915.0;7706.03;SPXW  260923C07915000;0.0;0.05
2026-09-23 19:48;7920.0;7706.03;SPXW  260923C07920000;0.0;0.05
2026-09-23 19:48;7925.0;7706.03;SPXW  260923C07925000;0.0;0.05
2026-09-23 19:48;7930.0;7706.03;SPXW  260923C07930000;0.0;0.05
2026-09-23 19:48;7935.0;7706.03;SPXW  260923C07935000;0.0;0.05
2026-09-23 19:48;7940.0;7706.03;SPXW  260923C07940000;0.0;0.05
2026-09-23 19:48;7945.0;7706.03;SPXW  260923C07945000;0.0;0.05
2026-09-23 19:48;7950.0;7706.03;SPXW  260923C07950000;0.0;0.05
2026-09-23 19:48;7955.0;7706.03;SPXW  260923C07955000;0.0;0.05
2026-09-23 19:48;7460.0;7706.03;SPXW  260923P07460000;0.0;0.05
2026-09-23 19:48;7465.0;7706.03;SPXW  260923P07465000;0.0;0.05
2026-09-23 19:48;7470.0;7706.03;SPXW  260923P07470000;0.0;0.05
2026-09-23 19:48;7475.0;7706.03;SPXW  260923P07475000;0.0;0.05
2026-09-23 19:48;7480.0;7706.03;SPXW  260923P07480000;0.0;0.05
2026-09-23 19:48;7485.0;7706.03;SPXW  260923P07485000;0.0;0.05
2026-09-23 19:48;7490.0;7706.03;SPXW  260923P07490000;0.0;0.05
2026-09-23 19:48;7495.0;7706.03;SPXW  260923P07495000;0.0;0.05
2026-09-23 19:48;7500.0;7706.03;SPXW  260923P07500000;0.0;0.05
2026-09-23 19:48;7505.0;7706.03;SPXW  260923P07505000;0.0;0.05
2026-09-23 19:48;7510.0;7706.03;SPXW  260923P07510000;0.0;0.05
2026-09-23 19:48;7515.0;7706.03;SPXW  260923P07515000;0.0;0.05
2026-09-23 19:48;7520.0;7706.03;SPXW  260923P07520000;0.0;0.05
2026-09-23 19:48;7525.0;7706.03;SPXW  260923P07525000;0.0;0.05
2026-09-23 19:48;7530.0;7706.03;SPXW  260923P07530000;0.0;0.05
2026-09-23 19:48;7535.0;7706.03;SPXW  260923P07535000;0.0;0.05
2026-09-23 19:48;7540.0;7706.03;SPXW  260923P07540000;0.0;0.05
2026-09-23 19:48;7545.0;7706.03;SPXW  260923P07545000;0.0;0.05
2026-09-23 19:48;7550.0;7706.03;SPXW  260923P07550000;0.0;0.05
2026-09-23 19:48;7555.0;7706.03;SPXW  260923P07555000;0.0;0.05
2026-09-23 19:48;7560.0;7706.03;SPXW  260923P07560000;0.0;0.05
2026-09-23 19:48;7565.0;7706.03;SPXW  260923P07565000;0.0;0.05
2026-09-23 19:48;7570.0;7706.03;SPXW  260923P07570000;0.0;0.05
2026-09-23 19:48;7575.0;7706.03;SPXW  260923P07575000;0.0;0.05
2026-09-23 19:48;7580.0;7706.03;SPXW  260923P07580000;0.0;0.05
2026-09-23 19:48;7585.0;7706.03;SPXW  260923P07585000;0.0;0.05
2026-09-23 19:48;7590.0;7706.03;SPXW  260923P07590000;0.0;0.05
2026-09-23 19:48;7595.0;7706.03;SPXW  260923P07595000;0.0;0.05
2026-09-23 19:48;7600.0;7706.03;SPXW  260923P07600000;0.0;0.05
2026-09-23 19:48;7605.0;7706.03;SPXW  260923P07605000;0.0;0.05
2026-09-23 19:48;7610.0;7706.03;SPXW  260923P07610000;0.0;0.05
2026-09-23 19:48;7615.0;7706.03;SPXW  260923P07615000;0.0;0.05
2026-09-23 19:48;7620.0;7706.03;SPXW  260923P07620000;0.0;0.05
2026-09-23 19:48;7625.0;7706.03;SPXW  260923P07625000;0.0;0.05
2026-09-23 19:48;7630.0;7706.03;SPXW  260923P07630000;0.0;0.05
2026-09-23 19:48;7635.0;7706.03;SPXW  260923P07635000;0.0;0.05
2026-09-23 19:48;7640.0;7706.03;SPXW  260923P07640000;0.0;0.05
2026-09-23 19:48;7645.0;7706.03;SPXW  260923P07645000;0.0;0.05
2026-09-23 19:48;7650.0;7706.03;SPXW  260923P07650000;0.0;0.05
2026-09-23 19:48;7655.0;7706.03;SPXW  260923P07655000;0.0;0.05
2026-09-23 19:48;7660.0;7706.03;SPXW  260923P07660000;0.0;0.05
2026-09-23 19:48;7665.0;7706.03;SPXW  260923P07665000;0.0;0.05
2026-09-23 19:48;7670.0;7706.03;SPXW  260923P07670000;0.0;0.05
2026-09-23 19:48;7675.0;7706.03;SPXW  260923P07675000;0.0;0.05
2026-09-23 19:48;7680.0;7706.03;SPXW  260923P07680000;0.0;0.05
2026-09-23 19:48;7685.0;7706.03;SPXW  260923P07685000;0.0;0.05
2026-09-23 19:48;7690.0;7706.03;SPXW  260923P07690000;0.0;0.05
2026-09-23 19:48;7695.0;7706.03;SPXW  260923P07695000;0.0;0.05
2026-09-23 19:48;7700.0;7706.03;SPXW  260923P07700000;0.0;0.05
2026-09-23 19:48;7705.0;7706.03;SPXW  260923P07705000;0.45;0.6
2026-09-23 19:48;7710.0;7706.03;SPXW  260923P07710000;3.4;4.9
2026-09-23 19:48;7715.0;7706.03;SPXW  260923P07715000;8.4;10.7
2026-09-23 19:48;7720.0;7706.03;SPXW  260923P07720000;13.5;16.1
2026-09-23 19:48;7725.0;7706.03;SPXW  260923P07725000;18.4;20.3
2026-09-23 19:48;7730.0;7706.03;SPXW  260923P07730000;23.3;25.3
2026-09-23 19:48;7735.0;7706.03;SPXW  260923P07735000;28.3;30.3
2026-09-23 19:48;7740.0;7706.03;SPXW  260923P07740000;33.3;36.2
2026-09-23 19:48;7745.0;7706.03;SPXW  260923P07745000;38.4;40.3
2026-09-23 19:48;7750.0;7706.03;SPXW  260923P07750000;43.3;45.3
2026-09-23 19:48;7755.0;7706.03;SPXW  260923P07755000;48.4;50.3
2026-09-23 19:48;7760.0;7706.03;SPXW  260923P07760000;49.0;55.3
2026-09-23 19:48;7765.0;7706.03;SPXW  260923P07765000;58.4;61.2
2026-09-23 19:48;7770.0;7706.03;SPXW  260923P07770000;63.4;65.3
2026-09-23 19:48;7775.0;7706.03;SPXW  260923P07775000;64.2;70.3
2026-09-23 19:48;7780.0;7706.03;SPXW  260923P07780000;73.3;75.3
2026-09-23 19:48;7785.0;7706.03;SPXW  260923P07785000;78.3;80.3
2026-09-23 19:48;7790.0;7706.03;SPXW  260923P07790000;83.3;86.2
2026-09-23 19:48;7795.0;7706.03;SPXW  260923P07795000;88.3;90.3
2026-09-23 19:48;7800.0;7706.03;SPXW  260923P07800000;93.3;95.3
2026-09-23 19:48;7805.0;7706.03;SPXW  260923P07805000;98.3;101.2
2026-09-23 19:48;7810.0;7706.03;SPXW  260923P07810000;103.3;105.3
2026-09-23 19:48;7815.0;7706.03;SPXW  260923P07815000;108.4;110.3
2026-09-23 19:48;7820.0;7706.03;SPXW  260923P07820000;113.3;115.3
2026-09-23 19:48;7825.0;7706.03;SPXW  260923P07825000;118.4;120.3
2026-09-23 19:48;7830.0;7706.03;SPXW  260923P07830000;123.3;125.3
2026-09-23 19:48;7835.0;7706.03;SPXW  260923P07835000;128.3;130.3
2026-09-23 19:48;7840.0;7706.03;SPXW  260923P07840000;133.4;135.3
2026-09-23 19:48;7845.0;7706.03;SPXW  260923P07845000;138.4;140.3
2026-09-23 19:48;7850.0;7706.03;SPXW  260923P07850000;143.3;145.3
2026-09-23 19:48;7855.0;7706.03;SPXW  260923P07855000;148.3;150.3
2026-09-23 19:48;7860.0;7706.03;SPXW  260923P07860000;153.3;155.3
2026-09-23 19:48;7865.0;7706.03;SPXW  260923P07865000;151.9;160.3
2026-09-23 19:48;7870.0;7706.03;SPXW  260923P07870000;163.4;165.3
2026-09-23 19:48;7875.0;7706.03;SPXW  260923P07875000;161.7;170.3
2026-09-23 19:48;7880.0;7706.03;SPXW  260923P07880000;167.8;175.3
2026-09-23 19:48;7885.0;7706.03;SPXW  260923P07885000;171.5;180.3
2026-09-23 19:48;7890.0;7706.03;SPXW  260923P07890000;176.4;185.3
2026-09-23 19:48;7895.0;7706.03;SPXW  260923P07895000;182.8;190.3
2026-09-23 19:48;7900.0;7706.03;SPXW  260923P07900000;186.2;195.3
2026-09-23 19:48;7905.0;7706.03;SPXW  260923P07905000;191.1;200.3
2026-09-23 19:48;7910.0;7706.03;SPXW  260923P07910000;196.1;209.8
2026-09-23 19:48;7915.0;7706.03;SPXW  260923P07915000;201.1;214.8
2026-09-23 19:48;7920.0;7706.03;SPXW  260923P07920000;207.6;221.3
2026-09-23 19:48;7925.0;7706.03;SPXW  260923P07925000;208.4;228.9
2026-09-23 19:48;7930.0;7706.03;SPXW  260923P07930000;212.7;233.2
2026-09-23 19:48;7935.0;7706.03;SPXW  260923P07935000;218.2;238.7
2026-09-23 19:48;7940.0;7706.03;SPXW  260923P07940000;222.7;243.2
2026-09-23 19:48;7945.0;7706.03;SPXW  260923P07945000;227.7;248.2
2026-09-23 19:48;7950.0;7706.03;SPXW  260923P07950000;233.4;253.9
2026-09-23 19:48;7955.0;7706.03;SPXW  260923P07955000;238.2;258.7
2026-09-23 19:52;7460.0;7706.03;SPXW  260923C07460000;236.1;256.6
2026-09-23 19:52;7465.0;7706.03;SPXW  260923C07465000;231.8;252.3
2026-09-23 19:52;7470.0;7706.03;SPXW  260923C07470000;226.8;247.3
2026-09-23 19:52;7475.0;7706.03;SPXW  260923C07475000;221.3;241.8
2026-09-23 19:52;7480.0;7706.03;SPXW  260923C07480000;216.8;237.3
2026-09-23 19:52;7485.0;7706.03;SPXW  260923C07485000;211.3;231.8
2026-09-23 19:52;7490.0;7706.03;SPXW  260923C07490000;210.2;223.9
2026-09-23 19:52;7495.0;7706.03;SPXW  260923C07495000;205.2;218.9
2026-09-23 19:52;7500.0;7706.03;SPXW  260923C07500000;200.2;213.9
2026-09-23 19:52;7505.0;7706.03;SPXW  260923C07505000;195.2;208.9
2026-09-23 19:52;7510.0;7706.03;SPXW  260923C07510000;190.2;203.9
2026-09-23 19:52;7515.0;7706.03;SPXW  260923C07515000;188.8;191.7
2026-09-23 19:52;7520.0;7706.03;SPXW  260923C07520000;184.7;186.7
2026-09-23 19:52;7525.0;7706.03;SPXW  260923C07525000;179.7;186.2
2026-09-23 19:52;7530.0;7706.03;SPXW  260923C07530000;174.7;176.7
2026-09-23 19:52;7535.0;7706.03;SPXW  260923C07535000;169.7;171.7
2026-09-23 19:52;7540.0;7706.03;SPXW  260923C07540000;164.7;171.5
2026-09-23 19:52;7545.0;7706.03;SPXW  260923C07545000;159.7;161.7
2026-09-23 19:52;7550.0;7706.03;SPXW  260923C07550000;154.7;156.7
2026-09-23 19:52;7555.0;7706.03;SPXW  260923C07555000;149.7;151.7
2026-09-23 19:52;7560.0;7706.03;SPXW  260923C07560000;144.7;146.7
2026-09-23 19:52;7565.0;7706.03;SPXW  260923C07565000;139.7;147.0
2026-09-23 19:52;7570.0;7706.03;SPXW  260923C07570000;134.7;136.7
2026-09-23 19:52;7575.0;7706.03;SPXW  260923C07575000;129.7;131.7
2026-09-23 19:52;7580.0;7706.03;SPXW  260923C07580000;123.8;126.7
2026-09-23 19:52;7585.0;7706.03;SPXW  260923C07585000;118.8;121.6
2026-09-23 19:52;7590.0;7706.03;SPXW  260923C07590000;114.7;122.2
2026-09-23 19:52;7595.0;7706.03;SPXW  260923C07595000;109.7;111.7
2026-09-23 19:52;7600.0;7706.03;SPXW  260923C07600000;104.7;106.7
2026-09-23 19:52;7605.0;7706.03;SPXW  260923C07605000;98.8;101.7
2026-09-23 19:52;7610.0;7706.03;SPXW  260923C07610000;94.7;96.7
2026-09-23 19:52;7615.0;7706.03;SPXW  260923C07615000;89.7;91.7
2026-09-23 19:52;7620.0;7706.03;SPXW  260923C07620000;84.7;86.7
2026-09-23 19:52;7625.0;7706.03;SPXW  260923C07625000;79.7;81.7
2026-09-23 19:52;7630.0;7706.03;SPXW  260923C07630000;74.7;76.7
2026-09-23 19:52;7635.0;7706.03;SPXW  260923C07635000;69.7;77.1
2026-09-23 19:52;7640.0;7706.03;SPXW  260923C07640000;64.7;66.7
2026-09-23 19:52;7645.0;7706.03;SPXW  260923C07645000;58.8;61.7
2026-09-23 19:52;7650.0;7706.03;SPXW  260923C07650000;54.7;56.7
2026-09-23 19:52;7655.0;7706.03;SPXW  260923C07655000;49.7;51.7
2026-09-23 19:52;7660.0;7706.03;SPXW  260923C07660000;44.7;46.7
2026-09-23 19:52;7665.0;7706.03;SPXW  260923C07665000;39.7;41.7
2026-09-23 19:52;7670.0;7706.03;SPXW  260923C07670000;34.7;36.7
2026-09-23 19:52;7675.0;7706.03;SPXW  260923C07675000;29.7;31.7
2026-09-23 19:52;7680.0;7706.03;SPXW  260923C07680000;24.7;26.6
2026-09-23 19:52;7685.0;7706.03;SPXW  260923C07685000;19.7;21.6
2026-09-23 19:52;7690.0;7706.03;SPXW  260923C07690000;14.7;16.7
2026-09-23 19:52;7695.0;7706.03;SPXW  260923C07695000;9.7;11.7
2026-09-23 19:52;7700.0;7706.03;SPXW  260923C07700000;4.7;5.7
2026-09-23 19:52;7705.0;7706.03;SPXW  260923C07705000;0.65;1.0
2026-09-23 19:52;7710.0;7706.03;SPXW  260923C07710000;0.0;0.05
2026-09-23 19:52;7715.0;7706.03;SPXW  260923C07715000;0.0;0.05
2026-09-23 19:52;7720.0;7706.03;SPXW  260923C07720000;0.0;0.05
2026-09-23 19:52;7725.0;7706.03;SPXW  260923C07725000;0.0;0.05
2026-09-23 19:52;7730.0;7706.03;SPXW  260923C07730000;0.0;0.05
2026-09-23 19:52;7735.0;7706.03;SPXW  260923C07735000;0.0;0.05
2026-09-23 19:52;7740.0;7706.03;SPXW  260923C07740000;0.0;0.05
2026-09-23 19:52;7745.0;7706.03;SPXW  260923C07745000;0.0;0.05
2026-09-23 19:52;7750.0;7706.03;SPXW  260923C07750000;0.0;0.05
2026-09-23 19:52;7755.0;7706.03;SPXW  260923C07755000;0.0;0.05
2026-09-23 19:52;7760.0;7706.03;SPXW  260923C07760000;0.0;0.05
2026-09-23 19:52;7765.0;7706.03;SPXW  260923C07765000;0.0;0.05
2026-09-23 19:52;7770.0;7706.03;SPXW  260923C07770000;0.0;0.05
2026-09-23 19:52;7775.0;7706.03;SPXW  260923C07775000;0.0;0.05
2026-09-23 19:52;7780.0;7706.03;SPXW  260923C07780000;0.0;0.05
2026-09-23 19:52;7785.0;7706.03;SPXW  260923C07785000;0.0;0.05
2026-09-23 19:52;7790.0;7706.03;SPXW  260923C07790000;0.0;0.05
2026-09-23 19:52;7795.0;7706.03;SPXW  260923C07795000;0.0;0.05
2026-09-23 19:52;7800.0;7706.03;SPXW  260923C07800000;0.0;0.05
2026-09-23 19:52;7805.0;7706.03;SPXW  260923C07805000;0.0;0.05
2026-09-23 19:52;7810.0;7706.03;SPXW  260923C07810000;0.0;0.05
2026-09-23 19:52;7815.0;7706.03;SPXW  260923C07815000;0.0;0.05
2026-09-23 19:52;7820.0;7706.03;SPXW  260923C07820000;0.0;0.05
2026-09-23 19:52;7825.0;7706.03;SPXW  260923C07825000;0.0;0.05
2026-09-23 19:52;7830.0;7706.03;SPXW  260923C07830000;0.0;0.05
2026-09-23 19:52;7835.0;7706.03;SPXW  260923C07835000;0.0;0.05
2026-09-23 19:52;7840.0;7706.03;SPXW  260923C07840000;0.0;0.05
2026-09-23 19:52;7845.0;7706.03;SPXW  260923C07845000;0.0;0.05
2026-09-23 19:52;7850.0;7706.03;SPXW  260923C07850000;0.0;0.05
2026-09-23 19:52;7855.0;7706.03;SPXW  260923C07855000;0.0;0.05
2026-09-23 19:52;7860.0;7706.03;SPXW  260923C07860000;0.0;0.05
2026-09-23 19:52;7865.0;7706.03;SPXW  260923C07865000;0.0;0.05
2026-09-23 19:52;7870.0;7706.03;SPXW  260923C07870000;0.0;0.05
2026-09-23 19:52;7875.0;7706.03;SPXW  260923C07875000;0.0;0.05
2026-09-23 19:52;7880.0;7706.03;SPXW  260923C07880000;0.0;0.05
2026-09-23 19:52;7885.0;7706.03;SPXW  260923C07885000;0.0;0.05
2026-09-23 19:52;7890.0;7706.03;SPXW  260923C07890000;0.0;0.05
2026-09-23 19:52;7895.0;7706.03;SPXW  260923C07895000;0.0;0.05
2026-09-23 19:52;7900.0;7706.03;SPXW  260923C07900000;0.0;0.05
2026-09-23 19:52;7905.0;7706.03;SPXW  260923C07905000;0.0;0.05
2026-09-23 19:52;7910.0;7706.03;SPXW  260923C07910000;0.0;0.05
2026-09-23 19:52;7915.0;7706.03;SPXW  260923C07915000;0.0;0.05
2026-09-23 19:52;7920.0;7706.03;SPXW  260923C07920000;0.0;0.05
2026-09-23 19:52;7925.0;7706.03;SPXW  260923C07925000;0.0;0.05
2026-09-23 19:52;7930.0;7706.03;SPXW  260923C07930000;0.0;0.05
2026-09-23 19:52;7935.0;7706.03;SPXW  260923C07935000;0.0;0.05
2026-09-23 19:52;7940.0;7706.03;SPXW  260923C07940000;0.0;0.05
2026-09-23 19:52;7945.0;7706.03;SPXW  260923C07945000;0.0;0.05
2026-09-23 19:52;7950.0;7706.03;SPXW  260923C07950000;0.0;0.05
2026-09-23 19:52;7955.0;7706.03;SPXW  260923C07955000;0.0;0.05
2026-09-23 19:52;7460.0;7706.03;SPXW  260923P07460000;0.0;0.05
2026-09-23 19:52;7465.0;7706.03;SPXW  260923P07465000;0.0;0.05
2026-09-23 19:52;7470.0;7706.03;SPXW  260923P07470000;0.0;0.05
2026-09-23 19:52;7475.0;7706.03;SPXW  260923P07475000;0.0;0.05
2026-09-23 19:52;7480.0;7706.03;SPXW  260923P07480000;0.0;0.05
2026-09-23 19:52;7485.0;7706.03;SPXW  260923P07485000;0.0;0.05
2026-09-23 19:52;7490.0;7706.03;SPXW  260923P07490000;0.0;0.05
2026-09-23 19:52;7495.0;7706.03;SPXW  260923P07495000;0.0;0.05
2026-09-23 19:52;7500.0;7706.03;SPXW  260923P07500000;0.0;0.05
2026-09-23 19:52;7505.0;7706.03;SPXW  260923P07505000;0.0;0.05
2026-09-23 19:52;7510.0;7706.03;SPXW  260923P07510000;0.0;0.05
2026-09-23 19:52;7515.0;7706.03;SPXW  260923P07515000;0.0;0.05
2026-09-23 19:52;7520.0;7706.03;SPXW  260923P07520000;0.0;0.05
2026-09-23 19:52;7525.0;7706.03;SPXW  260923P07525000;0.0;0.05
2026-09-23 19:52;7530.0;7706.03;SPXW  260923P07530000;0.0;0.05
2026-09-23 19:52;7535.0;7706.03;SPXW  260923P07535000;0.0;0.05
2026-09-23 19:52;7540.0;7706.03;SPXW  260923P07540000;0.0;0.05
2026-09-23 19:52;7545.0;7706.03;SPXW  260923P07545000;0.0;0.05
2026-09-23 19:52;7550.0;7706.03;SPXW  260923P07550000;0.0;0.05
2026-09-23 19:52;7555.0;7706.03;SPXW  260923P07555000;0.0;0.05
2026-09-23 19:52;7560.0;7706.03;SPXW  260923P07560000;0.0;0.05
2026-09-23 19:52;7565.0;7706.03;SPXW  260923P07565000;0.0;0.05
2026-09-23 19:52;7570.0;7706.03;SPXW  260923P07570000;0.0;0.05
2026-09-23 19:52;7575.0;7706.03;SPXW  260923P07575000;0.0;0.05
2026-09-23 19:52;7580.0;7706.03;SPXW  260923P07580000;0.0;0.05
2026-09-23 19:52;7585.0;7706.03;SPXW  260923P07585000;0.0;0.05
2026-09-23 19:52;7590.0;7706.03;SPXW  260923P07590000;0.0;0.05
2026-09-23 19:52;7595.0;7706.03;SPXW  260923P07595000;0.0;0.05
2026-09-23 19:52;7600.0;7706.03;SPXW  260923P07600000;0.0;0.05
2026-09-23 19:52;7605.0;7706.03;SPXW  260923P07605000;0.0;0.05
2026-09-23 19:52;7610.0;7706.03;SPXW  260923P07610000;0.0;0.05
2026-09-23 19:52;7615.0;7706.03;SPXW  260923P07615000;0.0;0.05
2026-09-23 19:52;7620.0;7706.03;SPXW  260923P07620000;0.0;0.05
2026-09-23 19:52;7625.0;7706.03;SPXW  260923P07625000;0.0;0.05
2026-09-23 19:52;7630.0;7706.03;SPXW  260923P07630000;0.0;0.05
2026-09-23 19:52;7635.0;7706.03;SPXW  260923P07635000;0.0;0.05
2026-09-23 19:52;7640.0;7706.03;SPXW  260923P07640000;0.0;0.05
2026-09-23 19:52;7645.0;7706.03;SPXW  260923P07645000;0.0;0.05
2026-09-23 19:52;7650.0;7706.03;SPXW  260923P07650000;0.0;0.05
2026-09-23 19:52;7655.0;7706.03;SPXW  260923P07655000;0.0;0.05
2026-09-23 19:52;7660.0;7706.03;SPXW  260923P07660000;0.0;0.05
2026-09-23 19:52;7665.0;7706.03;SPXW  260923P07665000;0.0;0.05
2026-09-23 19:52;7670.0;7706.03;SPXW  260923P07670000;0.0;0.05
2026-09-23 19:52;7675.0;7706.03;SPXW  260923P07675000;0.0;0.05
2026-09-23 19:52;7680.0;7706.03;SPXW  260923P07680000;0.0;0.05
2026-09-23 19:52;7685.0;7706.03;SPXW  260923P07685000;0.0;0.05
2026-09-23 19:52;7690.0;7706.03;SPXW  260923P07690000;0.0;0.05
2026-09-23 19:52;7695.0;7706.03;SPXW  260923P07695000;0.0;0.05
2026-09-23 19:52;7700.0;7706.03;SPXW  260923P07700000;0.0;0.05
2026-09-23 19:52;7705.0;7706.03;SPXW  260923P07705000;0.45;0.6
2026-09-23 19:52;7710.0;7706.03;SPXW  260923P07710000;3.4;4.9
2026-09-23 19:52;7715.0;7706.03;SPXW  260923P07715000;8.4;10.7
2026-09-23 19:52;7720.0;7706.03;SPXW  260923P07720000;13.5;16.1
2026-09-23 19:52;7725.0;7706.03;SPXW  260923P07725000;18.4;20.3
2026-09-23 19:52;7730.0;7706.03;SPXW  260923P07730000;23.3;25.3
2026-09-23 19:52;7735.0;7706.03;SPXW  260923P07735000;28.3;30.3
2026-09-23 19:52;7740.0;7706.03;SPXW  260923P07740000;33.3;36.2
2026-09-23 19:52;7745.0;7706.03;SPXW  260923P07745000;38.4;40.3
2026-09-23 19:52;7750.0;7706.03;SPXW  260923P07750000;43.3;45.3
2026-09-23 19:52;7755.0;7706.03;SPXW  260923P07755000;48.4;50.3
2026-09-23 19:52;7760.0;7706.03;SPXW  260923P07760000;49.0;55.3
2026-09-23 19:52;7765.0;7706.03;SPXW  260923P07765000;58.4;61.2
2026-09-23 19:52;7770.0;7706.03;SPXW  260923P07770000;63.4;65.3
2026-09-23 19:52;7775.0;7706.03;SPXW  260923P07775000;64.2;70.3
2026-09-23 19:52;7780.0;7706.03;SPXW  260923P07780000;73.3;75.3
2026-09-23 19:52;7785.0;7706.03;SPXW  260923P07785000;78.3;80.3
2026-09-23 19:52;7790.0;7706.03;SPXW  260923P07790000;83.3;86.2
2026-09-23 19:52;7795.0;7706.03;SPXW  260923P07795000;88.3;90.3
2026-09-23 19:52;7800.0;7706.03;SPXW  260923P07800000;93.3;95.3
2026-09-23 19:52;7805.0;7706.03;SPXW  260923P07805000;98.3;101.2
2026-09-23 19:52;7810.0;7706.03;SPXW  260923P07810000;103.3;105.3
2026-09-23 19:52;7815.0;7706.03;SPXW  260923P07815000;108.4;110.3
2026-09-23 19:52;7820.0;7706.03;SPXW  260923P07820000;113.3;115.3
2026-09-23 19:52;7825.0;7706.03;SPXW  260923P07825000;118.4;120.3
2026-09-23 19:52;7830.0;7706.03;SPXW  260923P07830000;123.3;125.3
2026-09-23 19:52;7835.0;7706.03;SPXW  260923P07835000;128.3;130.3
2026-09-23 19:52;7840.0;7706.03;SPXW  260923P07840000;133.4;135.3
2026-09-23 19:52;7845.0;7706.03;SPXW  260923P07845000;138.4;140.3
2026-09-23 19:52;7850.0;7706.03;SPXW  260923P07850000;143.3;145.3
2026-09-23 19:52;7855.0;7706.03;SPXW  260923P07855000;148.3;150.3
2026-09-23 19:52;7860.0;7706.03;SPXW  260923P07860000;153.3;155.3
2026-09-23 19:52;7865.0;7706.03;SPXW  260923P07865000;151.9;160.3
2026-09-23 19:52;7870.0;7706.03;SPXW  260923P07870000;163.4;165.3
2026-09-23 19:52;7875.0;7706.03;SPXW  260923P07875000;161.7;170.3
2026-09-23 19:52;7880.0;7706.03;SPXW  260923P07880000;167.8;175.3
2026-09-23 19:52;7885.0;7706.03;SPXW  260923P07885000;171.5;180.3
2026-09-23 19:52;7890.0;7706.03;SPXW  260923P07890000;176.4;185.3
2026-09-23 19:52;7895.0;7706.03;SPXW  260923P07895000;182.8;190.3
2026-09-23 19:52;7900.0;7706.03;SPXW  260923P07900000;186.2;195.3
2026-09-23 19:52;7905.0;7706.03;SPXW  260923P07905000;191.1;200.3
2026-09-23 19:52;7910.0;7706.03;SPXW  260923P07910000;196.1;209.8
2026-09-23 19:52;7915.0;7706.03;SPXW  260923P07915000;201.1;214.8
2026-09-23 19:52;7920.0;7706.03;SPXW  260923P07920000;207.6;221.3
2026-09-23 19:52;7925.0;7706.03;SPXW  260923P07925000;208.4;228.9
2026-09-23 19:52;7930.0;7706.03;SPXW  260923P07930000;212.7;233.2
2026-09-23 19:52;7935.0;7706.03;SPXW  260923P07935000;218.2;238.7
2026-09-23 19:52;7940.0;7706.03;SPXW  260923P07940000;222.7;243.2
2026-09-23 19:52;7945.0;7706.03;SPXW  260923P07945000;227.7;248.2
2026-09-23 19:52;7950.0;7706.03;SPXW  260923P07950000;233.4;253.9
2026-09-23 19:52;7955.0;7706.03;SPXW  260923P07955000;238.2;258.7
